url,path,content_type,source_sitemap,lastmod,suspected_test_page,has_uppercase_path,potential_duplicate_group
https://academy.octopus.be/nl/,/nl/,page,page-sitemap.xml,2025-12-08T13:20:10+00:00,no,no,/nl
https://academy.octopus.be/nl/elementor-6522/,/nl/elementor-6522/,page,page-sitemap.xml,2026-03-03T14:09:28+00:00,yes,no,/nl/elementor-6522
https://academy.octopus.be/nl/test-event_hub/,/nl/test-event_hub/,page,page-sitemap.xml,2026-02-05T10:39:59+00:00,yes,no,/nl/test-event_hub
https://academy.octopus.be/nl/cursussen/,/nl/cursussen/,page,page-sitemap.xml,2026-01-08T14:51:56+00:00,no,no,/nl/cursussen
https://academy.octopus.be/nl/my-account/,/nl/my-account/,page,page-sitemap.xml,2025-12-08T15:22:43+00:00,no,no,/nl/my-account
https://academy.octopus.be/nl/over-octopus-academy/,/nl/over-octopus-academy/,page,page-sitemap.xml,2025-12-08T15:18:35+00:00,no,no,/nl/over-octopus-academy
https://academy.octopus.be/nl/cursuslijst-boekhoudprogramma/,/nl/cursuslijst-boekhoudprogramma/,page,page-sitemap.xml,2025-12-08T11:54:53+00:00,no,no,/nl/cursuslijst-boekhoudprogramma
https://academy.octopus.be/nl/cursuslijst-klantenportaal/,/nl/cursuslijst-klantenportaal/,page,page-sitemap.xml,2025-12-05T11:51:04+00:00,no,no,/nl/cursuslijst-klantenportaal
https://academy.octopus.be/nl/cursuslijst-ontdek/,/nl/cursuslijst-ontdek/,page,page-sitemap.xml,2025-12-05T11:38:20+00:00,no,no,/nl/cursuslijst-ontdek
https://academy.octopus.be/nl/cursussen/alle-cursussen/,/nl/cursussen/alle-cursussen/,page,page-sitemap.xml,2025-04-14T13:48:57+00:00,no,no,/nl/cursussen/alle-cursussen
https://academy.octopus.be/nl/home/,/nl/home/,page,page-sitemap.xml,2025-03-28T09:13:55+00:00,no,no,/nl/home
https://academy.octopus.be/nl/registratie/,/nl/registratie/,page,page-sitemap.xml,2025-03-28T09:01:07+00:00,no,no,/nl/registratie
https://academy.octopus.be/nl/my-account/mijn-cursussen/,/nl/my-account/mijn-cursussen/,page,page-sitemap.xml,2025-03-27T11:07:37+00:00,no,no,/nl/my-account/mijn-cursussen
https://academy.octopus.be/nl/certificate-verification/,/nl/certificate-verification/,page,page-sitemap.xml,2024-12-04T15:28:40+00:00,no,no,/nl/certificate-verification
https://academy.octopus.be/nl/how-tos/,/nl/how-tos/,page,page-sitemap.xml,2024-11-20T08:32:37+00:00,no,no,/nl/how-tos
https://academy.octopus.be/nl/peppol-activeren-in-octopus/,/nl/peppol-activeren-in-octopus/,page,page-sitemap.xml,2023-12-06T09:43:30+00:00,no,no,/nl/peppol-activeren-in-octopus
https://academy.octopus.be/nl/cookie/,/nl/cookie/,page,page-sitemap.xml,2022-06-27T13:00:16+00:00,no,no,/nl/cookie
https://academy.octopus.be/nl/disclaimer/,/nl/disclaimer/,page,page-sitemap.xml,2022-06-27T12:21:46+00:00,no,no,/nl/disclaimer
https://academy.octopus.be/nl/algemene-voorwaarden/,/nl/algemene-voorwaarden/,page,page-sitemap.xml,2022-06-27T12:20:24+00:00,no,no,/nl/algemene-voorwaarden
https://academy.octopus.be/nl/privacy-policy/,/nl/privacy-policy/,page,page-sitemap.xml,2022-06-27T12:17:35+00:00,no,no,/nl/privacy-policy
https://academy.octopus.be/nl/Cursussen/peppol/,/nl/Cursussen/peppol/,course,sfwd-courses-sitemap.xml,2026-01-16T10:03:11+00:00,no,yes,/nl/cursussen/peppol
https://academy.octopus.be/nl/Cursussen/klantenportaal/,/nl/Cursussen/klantenportaal/,course,sfwd-courses-sitemap.xml,2026-01-06T14:17:48+00:00,no,yes,/nl/cursussen/klantenportaal
https://academy.octopus.be/nl/Cursussen/met-het-pakket-starten/,/nl/Cursussen/met-het-pakket-starten/,course,sfwd-courses-sitemap.xml,2025-03-28T10:32:09+00:00,no,yes,/nl/cursussen/met-het-pakket-starten
https://academy.octopus.be/nl/Cursussen/hoe-een-boeking-inbrengen/,/nl/Cursussen/hoe-een-boeking-inbrengen/,course,sfwd-courses-sitemap.xml,2025-03-28T10:31:17+00:00,no,yes,/nl/cursussen/hoe-een-boeking-inbrengen
https://academy.octopus.be/nl/Cursussen/documenten-doorsturen-via-dms/,/nl/Cursussen/documenten-doorsturen-via-dms/,course,sfwd-courses-sitemap.xml,2025-03-28T10:30:13+00:00,no,yes,/nl/cursussen/documenten-doorsturen-via-dms
https://academy.octopus.be/nl/Cursussen/menu-beheer/,/nl/Cursussen/menu-beheer/,course,sfwd-courses-sitemap.xml,2025-03-28T10:28:48+00:00,no,yes,/nl/cursussen/menu-beheer
https://academy.octopus.be/nl/Cursussen/ondernemer-facturatie/,/nl/Cursussen/ondernemer-facturatie/,course,sfwd-courses-sitemap.xml,2025-03-28T10:26:26+00:00,no,yes,/nl/cursussen/ondernemer-facturatie
https://academy.octopus.be/nl/Cursussen/lijsten-in-octopus/,/nl/Cursussen/lijsten-in-octopus/,course,sfwd-courses-sitemap.xml,2025-03-28T10:25:15+00:00,no,yes,/nl/cursussen/lijsten-in-octopus
https://academy.octopus.be/nl/Cursussen/coda/,/nl/Cursussen/coda/,course,sfwd-courses-sitemap.xml,2025-03-28T10:17:10+00:00,no,yes,/nl/cursussen/coda
https://academy.octopus.be/nl/Cursussen/octopus-webinars/,/nl/Cursussen/octopus-webinars/,course,sfwd-courses-sitemap.xml,2025-03-28T10:16:15+00:00,no,yes,/nl/cursussen/octopus-webinars
https://academy.octopus.be/nl/lessons/aanpassen-factuuropmaak-2/,/nl/lessons/aanpassen-factuuropmaak-2/,lesson,sfwd-lessons-sitemap.xml,2026-02-02T14:59:20+00:00,no,no,/nl/lessons/aanpassen-factuuropmaak-2
https://academy.octopus.be/nl/lessons/installatie-van-het-klantenportaal/,/nl/lessons/installatie-van-het-klantenportaal/,lesson,sfwd-lessons-sitemap.xml,2026-01-21T15:55:35+00:00,no,no,/nl/lessons/installatie-van-het-klantenportaal
https://academy.octopus.be/nl/lessons/aanpassen-factuuropmaak/,/nl/lessons/aanpassen-factuuropmaak/,lesson,sfwd-lessons-sitemap.xml,2025-12-09T13:25:34+00:00,no,no,/nl/lessons/aanpassen-factuuropmaak
https://academy.octopus.be/nl/lessons/activatie-van-een-coda-mandaat/,/nl/lessons/activatie-van-een-coda-mandaat/,lesson,sfwd-lessons-sitemap.xml,2025-11-26T13:54:37+00:00,no,no,/nl/lessons/activatie-van-een-coda-mandaat
https://academy.octopus.be/nl/lessons/alles-over-peppol/,/nl/lessons/alles-over-peppol/,lesson,sfwd-lessons-sitemap.xml,2025-07-30T09:06:34+00:00,no,no,/nl/lessons/alles-over-peppol
https://academy.octopus.be/nl/lessons/dms-via-de-unieke-e-mailadressen/,/nl/lessons/dms-via-de-unieke-e-mailadressen/,lesson,sfwd-lessons-sitemap.xml,2025-04-01T15:02:32+00:00,no,no,/nl/lessons/dms-via-de-unieke-e-mailadressen
https://academy.octopus.be/nl/lessons/eindklanten/,/nl/lessons/eindklanten/,lesson,sfwd-lessons-sitemap.xml,2025-04-01T14:53:54+00:00,no,no,/nl/lessons/eindklanten
https://academy.octopus.be/nl/lessons/wachtwoord-wijzigen/,/nl/lessons/wachtwoord-wijzigen/,lesson,sfwd-lessons-sitemap.xml,2025-04-01T12:52:34+00:00,no,no,/nl/lessons/wachtwoord-wijzigen
https://academy.octopus.be/nl/lessons/gebruikers/,/nl/lessons/gebruikers/,lesson,sfwd-lessons-sitemap.xml,2025-04-01T12:52:25+00:00,no,no,/nl/lessons/gebruikers
https://academy.octopus.be/nl/lessons/rappels/,/nl/lessons/rappels/,lesson,sfwd-lessons-sitemap.xml,2025-03-28T10:39:48+00:00,no,no,/nl/lessons/rappels
https://academy.octopus.be/nl/lessons/doorboeken/,/nl/lessons/doorboeken/,lesson,sfwd-lessons-sitemap.xml,2025-03-28T10:38:07+00:00,no,no,/nl/lessons/doorboeken
https://academy.octopus.be/nl/lessons/verkoopfacturen-en-creditnotas/,/nl/lessons/verkoopfacturen-en-creditnotas/,lesson,sfwd-lessons-sitemap.xml,2025-03-27T16:59:59+00:00,no,no,/nl/lessons/verkoopfacturen-en-creditnotas
https://academy.octopus.be/nl/lessons/een-aankoopfactuur-en-creditnota-boeken/,/nl/lessons/een-aankoopfactuur-en-creditnota-boeken/,lesson,sfwd-lessons-sitemap.xml,2025-03-27T16:58:54+00:00,no,no,/nl/lessons/een-aankoopfactuur-en-creditnota-boeken
https://academy.octopus.be/nl/lessons/extra-functies-bij-boeken-van-aankoopfacturen/,/nl/lessons/extra-functies-bij-boeken-van-aankoopfacturen/,lesson,sfwd-lessons-sitemap.xml,2025-03-27T16:56:44+00:00,no,no,/nl/lessons/extra-functies-bij-boeken-van-aankoopfacturen
https://academy.octopus.be/nl/lessons/boeken-van-aankoopfactuur-met-investering/,/nl/lessons/boeken-van-aankoopfactuur-met-investering/,lesson,sfwd-lessons-sitemap.xml,2025-03-27T16:55:37+00:00,no,no,/nl/lessons/boeken-van-aankoopfactuur-met-investering
https://academy.octopus.be/nl/lessons/boeken-van-aankoopfactuur-met-autofiscaliteit/,/nl/lessons/boeken-van-aankoopfactuur-met-autofiscaliteit/,lesson,sfwd-lessons-sitemap.xml,2025-03-27T16:54:05+00:00,no,no,/nl/lessons/boeken-van-aankoopfactuur-met-autofiscaliteit
https://academy.octopus.be/nl/lessons/boeken-van-aankoopfactuur-met-kostenplaatsen/,/nl/lessons/boeken-van-aankoopfactuur-met-kostenplaatsen/,lesson,sfwd-lessons-sitemap.xml,2025-03-27T16:52:43+00:00,no,no,/nl/lessons/boeken-van-aankoopfactuur-met-kostenplaatsen
https://academy.octopus.be/nl/lessons/boeken-van-aankoopfactuur-met-gespreide-kosten/,/nl/lessons/boeken-van-aankoopfactuur-met-gespreide-kosten/,lesson,sfwd-lessons-sitemap.xml,2025-03-27T16:51:36+00:00,no,no,/nl/lessons/boeken-van-aankoopfactuur-met-gespreide-kosten
https://academy.octopus.be/nl/lessons/boeken-erelonen-en-koppelen-met-fiche-281-50/,/nl/lessons/boeken-erelonen-en-koppelen-met-fiche-281-50/,lesson,sfwd-lessons-sitemap.xml,2025-03-27T16:50:21+00:00,no,no,/nl/lessons/boeken-erelonen-en-koppelen-met-fiche-281-50
https://academy.octopus.be/nl/lessons/dossiers/,/nl/lessons/dossiers/,lesson,sfwd-lessons-sitemap.xml,2025-03-27T16:49:29+00:00,no,no,/nl/lessons/dossiers
https://academy.octopus.be/nl/lessons/dossier-manager/,/nl/lessons/dossier-manager/,lesson,sfwd-lessons-sitemap.xml,2025-03-27T16:48:16+00:00,no,no,/nl/lessons/dossier-manager
https://academy.octopus.be/nl/lessons/boekjaren/,/nl/lessons/boekjaren/,lesson,sfwd-lessons-sitemap.xml,2025-03-27T16:46:51+00:00,no,no,/nl/lessons/boekjaren
https://academy.octopus.be/nl/lessons/dagboeken/,/nl/lessons/dagboeken/,lesson,sfwd-lessons-sitemap.xml,2025-03-27T16:45:47+00:00,no,no,/nl/lessons/dagboeken
https://academy.octopus.be/nl/lessons/btw-codes/,/nl/lessons/btw-codes/,lesson,sfwd-lessons-sitemap.xml,2025-03-27T16:44:46+00:00,no,no,/nl/lessons/btw-codes
https://academy.octopus.be/nl/lessons/muntcodes/,/nl/lessons/muntcodes/,lesson,sfwd-lessons-sitemap.xml,2025-03-27T16:43:38+00:00,no,no,/nl/lessons/muntcodes
https://academy.octopus.be/nl/lessons/rekeningen/,/nl/lessons/rekeningen/,lesson,sfwd-lessons-sitemap.xml,2025-03-27T16:42:31+00:00,no,no,/nl/lessons/rekeningen
https://academy.octopus.be/nl/lessons/fiscale-aftrek/,/nl/lessons/fiscale-aftrek/,lesson,sfwd-lessons-sitemap.xml,2025-03-27T16:40:43+00:00,no,no,/nl/lessons/fiscale-aftrek
https://academy.octopus.be/nl/lessons/relaties/,/nl/lessons/relaties/,lesson,sfwd-lessons-sitemap.xml,2025-03-27T16:39:40+00:00,no,no,/nl/lessons/relaties
https://academy.octopus.be/nl/lessons/beheer-velden/,/nl/lessons/beheer-velden/,lesson,sfwd-lessons-sitemap.xml,2025-03-27T16:38:28+00:00,no,no,/nl/lessons/beheer-velden
https://academy.octopus.be/nl/lessons/beheer-postcodes-en-landcodes/,/nl/lessons/beheer-postcodes-en-landcodes/,lesson,sfwd-lessons-sitemap.xml,2025-03-27T16:37:28+00:00,no,no,/nl/lessons/beheer-postcodes-en-landcodes
https://academy.octopus.be/nl/lessons/beheer-afschrijvingen/,/nl/lessons/beheer-afschrijvingen/,lesson,sfwd-lessons-sitemap.xml,2025-03-27T16:36:13+00:00,no,no,/nl/lessons/beheer-afschrijvingen
https://academy.octopus.be/nl/lessons/beheer-leningen/,/nl/lessons/beheer-leningen/,lesson,sfwd-lessons-sitemap.xml,2025-03-27T16:35:07+00:00,no,no,/nl/lessons/beheer-leningen
https://academy.octopus.be/nl/lessons/intro-een-eerste-rondleiding-in-octopus/,/nl/lessons/intro-een-eerste-rondleiding-in-octopus/,lesson,sfwd-lessons-sitemap.xml,2025-03-27T16:34:00+00:00,no,no,/nl/lessons/intro-een-eerste-rondleiding-in-octopus
https://academy.octopus.be/nl/lessons/intro-facturatie/,/nl/lessons/intro-facturatie/,lesson,sfwd-lessons-sitemap.xml,2025-03-27T16:32:57+00:00,no,no,/nl/lessons/intro-facturatie
https://academy.octopus.be/nl/lessons/installatie-facturatiemodule/,/nl/lessons/installatie-facturatiemodule/,lesson,sfwd-lessons-sitemap.xml,2025-03-27T16:31:45+00:00,no,no,/nl/lessons/installatie-facturatiemodule
https://academy.octopus.be/nl/lessons/artikels-en-artikelgroepen/,/nl/lessons/artikels-en-artikelgroepen/,lesson,sfwd-lessons-sitemap.xml,2025-03-27T16:30:37+00:00,no,no,/nl/lessons/artikels-en-artikelgroepen
https://academy.octopus.be/nl/lessons/offertes-of-leveringsnotas-aanmaken-en-bundelen/,/nl/lessons/offertes-of-leveringsnotas-aanmaken-en-bundelen/,lesson,sfwd-lessons-sitemap.xml,2025-03-27T16:29:07+00:00,no,no,/nl/lessons/offertes-of-leveringsnotas-aanmaken-en-bundelen
https://academy.octopus.be/nl/lessons/verkoopfacturen/,/nl/lessons/verkoopfacturen/,lesson,sfwd-lessons-sitemap.xml,2025-03-27T16:28:04+00:00,no,no,/nl/lessons/verkoopfacturen
https://academy.octopus.be/nl/lessons/dagboeken-2/,/nl/lessons/dagboeken-2/,lesson,sfwd-lessons-sitemap.xml,2025-03-27T16:26:55+00:00,no,no,/nl/lessons/dagboeken-2
https://academy.octopus.be/nl/lessons/opzoeken-documenten-en-controle-dubbele-boekingen/,/nl/lessons/opzoeken-documenten-en-controle-dubbele-boekingen/,lesson,sfwd-lessons-sitemap.xml,2025-03-27T16:25:59+00:00,no,no,/nl/lessons/opzoeken-documenten-en-controle-dubbele-boekingen
https://academy.octopus.be/nl/lessons/gespreide-kosten/,/nl/lessons/gespreide-kosten/,lesson,sfwd-lessons-sitemap.xml,2025-03-27T16:24:52+00:00,no,no,/nl/lessons/gespreide-kosten
https://academy.octopus.be/nl/lessons/afpuntingen/,/nl/lessons/afpuntingen/,lesson,sfwd-lessons-sitemap.xml,2025-03-27T16:23:51+00:00,no,no,/nl/lessons/afpuntingen
https://academy.octopus.be/nl/lessons/nazicht-klanten-of-leveranciers/,/nl/lessons/nazicht-klanten-of-leveranciers/,lesson,sfwd-lessons-sitemap.xml,2025-03-27T16:22:37+00:00,no,no,/nl/lessons/nazicht-klanten-of-leveranciers
https://academy.octopus.be/nl/lessons/nazicht-rekeningen/,/nl/lessons/nazicht-rekeningen/,lesson,sfwd-lessons-sitemap.xml,2025-03-27T16:21:29+00:00,no,no,/nl/lessons/nazicht-rekeningen
https://academy.octopus.be/nl/lessons/historieken/,/nl/lessons/historieken/,lesson,sfwd-lessons-sitemap.xml,2025-03-27T16:20:10+00:00,no,no,/nl/lessons/historieken
https://academy.octopus.be/nl/lessons/balansen/,/nl/lessons/balansen/,lesson,sfwd-lessons-sitemap.xml,2025-03-27T16:19:13+00:00,no,no,/nl/lessons/balansen
https://academy.octopus.be/nl/lessons/balansen-uitgebreid/,/nl/lessons/balansen-uitgebreid/,lesson,sfwd-lessons-sitemap.xml,2025-03-27T16:17:38+00:00,no,no,/nl/lessons/balansen-uitgebreid
https://academy.octopus.be/nl/lessons/omzetvergelijking-klanten-of-leveranciers/,/nl/lessons/omzetvergelijking-klanten-of-leveranciers/,lesson,sfwd-lessons-sitemap.xml,2025-03-27T16:16:41+00:00,no,no,/nl/lessons/omzetvergelijking-klanten-of-leveranciers
https://academy.octopus.be/nl/lessons/omzetvergelijking-btw/,/nl/lessons/omzetvergelijking-btw/,lesson,sfwd-lessons-sitemap.xml,2025-03-27T16:15:23+00:00,no,no,/nl/lessons/omzetvergelijking-btw
https://academy.octopus.be/nl/lessons/aangiftes-btw-btw-listing-en-ic-listing/,/nl/lessons/aangiftes-btw-btw-listing-en-ic-listing/,lesson,sfwd-lessons-sitemap.xml,2025-03-27T16:14:11+00:00,no,no,/nl/lessons/aangiftes-btw-btw-listing-en-ic-listing
https://academy.octopus.be/nl/lessons/oss-aangifte/,/nl/lessons/oss-aangifte/,lesson,sfwd-lessons-sitemap.xml,2025-03-27T16:13:00+00:00,no,no,/nl/lessons/oss-aangifte
https://academy.octopus.be/nl/lessons/intrastat-aangifte/,/nl/lessons/intrastat-aangifte/,lesson,sfwd-lessons-sitemap.xml,2025-03-27T16:11:50+00:00,no,no,/nl/lessons/intrastat-aangifte
https://academy.octopus.be/nl/lessons/investeringsoverzicht-en-afschrijvingstabel/,/nl/lessons/investeringsoverzicht-en-afschrijvingstabel/,lesson,sfwd-lessons-sitemap.xml,2025-03-27T16:08:42+00:00,no,no,/nl/lessons/investeringsoverzicht-en-afschrijvingstabel
https://academy.octopus.be/nl/lessons/overzicht-leningen/,/nl/lessons/overzicht-leningen/,lesson,sfwd-lessons-sitemap.xml,2025-03-27T16:06:53+00:00,no,no,/nl/lessons/overzicht-leningen
https://academy.octopus.be/nl/lessons/fiche-281-50/,/nl/lessons/fiche-281-50/,lesson,sfwd-lessons-sitemap.xml,2025-03-27T16:05:48+00:00,no,no,/nl/lessons/fiche-281-50
https://academy.octopus.be/nl/lessons/balansen-beknopt/,/nl/lessons/balansen-beknopt/,lesson,sfwd-lessons-sitemap.xml,2025-03-27T16:04:46+00:00,no,no,/nl/lessons/balansen-beknopt
https://academy.octopus.be/nl/lessons/afdrukken-en-verzenden-leveringsnotas-en-facturen/,/nl/lessons/afdrukken-en-verzenden-leveringsnotas-en-facturen/,lesson,sfwd-lessons-sitemap.xml,2025-03-27T16:03:35+00:00,no,no,/nl/lessons/afdrukken-en-verzenden-leveringsnotas-en-facturen
https://academy.octopus.be/nl/lessons/boeken-bankuittreksel/,/nl/lessons/boeken-bankuittreksel/,lesson,sfwd-lessons-sitemap.xml,2025-03-27T16:02:31+00:00,no,no,/nl/lessons/boeken-bankuittreksel
https://academy.octopus.be/nl/lessons/boeken-kas/,/nl/lessons/boeken-kas/,lesson,sfwd-lessons-sitemap.xml,2025-03-27T15:56:06+00:00,no,no,/nl/lessons/boeken-kas
https://academy.octopus.be/nl/lessons/boeken-diversen/,/nl/lessons/boeken-diversen/,lesson,sfwd-lessons-sitemap.xml,2025-03-27T15:40:46+00:00,no,no,/nl/lessons/boeken-diversen
https://academy.octopus.be/nl/lessons/automatische-diversen/,/nl/lessons/automatische-diversen/,lesson,sfwd-lessons-sitemap.xml,2025-03-27T15:39:35+00:00,no,no,/nl/lessons/automatische-diversen
https://academy.octopus.be/nl/lessons/afpunten-rekeningen/,/nl/lessons/afpunten-rekeningen/,lesson,sfwd-lessons-sitemap.xml,2025-03-27T15:38:29+00:00,no,no,/nl/lessons/afpunten-rekeningen
https://academy.octopus.be/nl/lessons/afpunten-relaties/,/nl/lessons/afpunten-relaties/,lesson,sfwd-lessons-sitemap.xml,2025-03-27T15:37:10+00:00,no,no,/nl/lessons/afpunten-relaties
https://academy.octopus.be/nl/lessons/btw-listing/,/nl/lessons/btw-listing/,lesson,sfwd-lessons-sitemap.xml,2025-03-27T15:35:46+00:00,no,no,/nl/lessons/btw-listing
https://academy.octopus.be/nl/lessons/btw-aangifte/,/nl/lessons/btw-aangifte/,lesson,sfwd-lessons-sitemap.xml,2025-03-27T15:34:11+00:00,no,no,/nl/lessons/btw-aangifte
https://academy.octopus.be/nl/lessons/investeringsaftrek/,/nl/lessons/investeringsaftrek/,lesson,sfwd-lessons-sitemap.xml,2025-03-27T15:32:48+00:00,no,no,/nl/lessons/investeringsaftrek
https://academy.octopus.be/nl/lessons/boeken-van-een-aankoopfactuur-met-beroepsgedeelte/,/nl/lessons/boeken-van-een-aankoopfactuur-met-beroepsgedeelte/,lesson,sfwd-lessons-sitemap.xml,2025-03-27T15:25:22+00:00,no,no,/nl/lessons/boeken-van-een-aankoopfactuur-met-beroepsgedeelte
https://academy.octopus.be/nl/lessons/wat-is-dms/,/nl/lessons/wat-is-dms/,lesson,sfwd-lessons-sitemap.xml,2025-03-27T15:18:27+00:00,no,no,/nl/lessons/wat-is-dms
https://academy.octopus.be/nl/lessons/document-viewer/,/nl/lessons/document-viewer/,lesson,sfwd-lessons-sitemap.xml,2025-03-27T15:16:51+00:00,no,no,/nl/lessons/document-viewer
https://academy.octopus.be/nl/lessons/document-archief/,/nl/lessons/document-archief/,lesson,sfwd-lessons-sitemap.xml,2025-03-27T15:06:38+00:00,no,no,/nl/lessons/document-archief
https://academy.octopus.be/nl/lessons/document-import-viewer-of-div/,/nl/lessons/document-import-viewer-of-div/,lesson,sfwd-lessons-sitemap.xml,2025-03-27T14:48:54+00:00,no,no,/nl/lessons/document-import-viewer-of-div
https://academy.octopus.be/nl/lessons/uploaden-doc-via-div/,/nl/lessons/uploaden-doc-via-div/,lesson,sfwd-lessons-sitemap.xml,2025-03-27T14:46:18+00:00,no,no,/nl/lessons/uploaden-doc-via-div
https://academy.octopus.be/nl/lessons/doorsturen-doc-via-de-unieke-e-mailadressen/,/nl/lessons/doorsturen-doc-via-de-unieke-e-mailadressen/,lesson,sfwd-lessons-sitemap.xml,2025-03-27T14:44:46+00:00,no,no,/nl/lessons/doorsturen-doc-via-de-unieke-e-mailadressen
https://academy.octopus.be/nl/lessons/document-koppelen-tijden-het-boeken-via-div/,/nl/lessons/document-koppelen-tijden-het-boeken-via-div/,lesson,sfwd-lessons-sitemap.xml,2025-03-27T14:43:01+00:00,no,no,/nl/lessons/document-koppelen-tijden-het-boeken-via-div
https://academy.octopus.be/nl/lessons/document-achteraf-koppelen-via-drag-drop/,/nl/lessons/document-achteraf-koppelen-via-drag-drop/,lesson,sfwd-lessons-sitemap.xml,2025-03-27T14:41:33+00:00,no,no,/nl/lessons/document-achteraf-koppelen-via-drag-drop
https://academy.octopus.be/nl/lessons/opzoeken-gekoppeld-document-2/,/nl/lessons/opzoeken-gekoppeld-document-2/,lesson,sfwd-lessons-sitemap.xml,2025-03-27T14:40:02+00:00,no,no,/nl/lessons/opzoeken-gekoppeld-document-2
https://academy.octopus.be/nl/lessons/dms-audit/,/nl/lessons/dms-audit/,lesson,sfwd-lessons-sitemap.xml,2025-03-27T14:38:36+00:00,no,no,/nl/lessons/dms-audit
https://academy.octopus.be/nl/lessons/backup-nemen-van-documenten-bewaard-in-dms/,/nl/lessons/backup-nemen-van-documenten-bewaard-in-dms/,lesson,sfwd-lessons-sitemap.xml,2025-03-27T14:37:08+00:00,no,no,/nl/lessons/backup-nemen-van-documenten-bewaard-in-dms
https://academy.octopus.be/nl/lessons/facturen-ontvangen-via-peppol/,/nl/lessons/facturen-ontvangen-via-peppol/,lesson,sfwd-lessons-sitemap.xml,2025-03-27T14:35:47+00:00,no,no,/nl/lessons/facturen-ontvangen-via-peppol
https://academy.octopus.be/nl/lessons/facturen-verzenden-via-peppol/,/nl/lessons/facturen-verzenden-via-peppol/,lesson,sfwd-lessons-sitemap.xml,2025-03-27T14:34:28+00:00,no,no,/nl/lessons/facturen-verzenden-via-peppol
https://academy.octopus.be/nl/lessons/coda-mandaat-zelf-importeren/,/nl/lessons/coda-mandaat-zelf-importeren/,lesson,sfwd-lessons-sitemap.xml,2025-03-27T14:28:45+00:00,no,no,/nl/lessons/coda-mandaat-zelf-importeren
https://academy.octopus.be/nl/lessons/afpunten-wachtrekening/,/nl/lessons/afpunten-wachtrekening/,lesson,sfwd-lessons-sitemap.xml,2025-03-27T14:26:30+00:00,no,no,/nl/lessons/afpunten-wachtrekening
https://academy.octopus.be/nl/lessons/hoe-octopus-bestellen/,/nl/lessons/hoe-octopus-bestellen/,lesson,sfwd-lessons-sitemap.xml,2025-03-27T11:49:16+00:00,no,no,/nl/lessons/hoe-octopus-bestellen
https://academy.octopus.be/nl/lessons/gebruik-maken-van-de-app-realtime/,/nl/lessons/gebruik-maken-van-de-app-realtime/,lesson,sfwd-lessons-sitemap.xml,2025-03-27T11:25:51+00:00,no,no,/nl/lessons/gebruik-maken-van-de-app-realtime
https://academy.octopus.be/nl/lessons/gebruik-maken-van-het-klantenportaal/,/nl/lessons/gebruik-maken-van-het-klantenportaal/,lesson,sfwd-lessons-sitemap.xml,2025-03-27T11:23:51+00:00,no,no,/nl/lessons/gebruik-maken-van-het-klantenportaal
https://academy.octopus.be/nl/lessons/introductie/,/nl/lessons/introductie/,lesson,sfwd-lessons-sitemap.xml,2025-03-27T11:20:43+00:00,no,no,/nl/lessons/introductie
https://academy.octopus.be/nl/lessons/verkoopfacturen-2/,/nl/lessons/verkoopfacturen-2/,lesson,sfwd-lessons-sitemap.xml,2025-03-27T11:19:23+00:00,no,no,/nl/lessons/verkoopfacturen-2
https://academy.octopus.be/nl/lessons/aankoopfacturen/,/nl/lessons/aankoopfacturen/,lesson,sfwd-lessons-sitemap.xml,2025-03-27T11:18:08+00:00,no,no,/nl/lessons/aankoopfacturen
https://academy.octopus.be/nl/lessons/les-4/,/nl/lessons/les-4/,lesson,sfwd-lessons-sitemap.xml,2025-03-27T11:17:09+00:00,no,no,/nl/lessons/les-4
https://academy.octopus.be/nl/lessons/werken-met-het-klantenportaal-voor-accountants/,/nl/lessons/werken-met-het-klantenportaal-voor-accountants/,lesson,sfwd-lessons-sitemap.xml,2025-03-27T11:15:03+00:00,no,no,/nl/lessons/werken-met-het-klantenportaal-voor-accountants
https://academy.octopus.be/nl/lessons/e-invoicing-via-peppol-voor-ondernemers-2-2/,/nl/lessons/e-invoicing-via-peppol-voor-ondernemers-2-2/,lesson,sfwd-lessons-sitemap.xml,2025-03-27T11:01:08+00:00,no,no,/nl/lessons/e-invoicing-via-peppol-voor-ondernemers-2-2
https://academy.octopus.be/nl/lessons/e-invoicing-in-het-klantenportaal-voor-ondernemers/,/nl/lessons/e-invoicing-in-het-klantenportaal-voor-ondernemers/,lesson,sfwd-lessons-sitemap.xml,2025-03-27T10:55:41+00:00,no,no,/nl/lessons/e-invoicing-in-het-klantenportaal-voor-ondernemers
https://academy.octopus.be/nl/lessons/e-invoicing-via-peppol-voor-ondernemers-2/,/nl/lessons/e-invoicing-via-peppol-voor-ondernemers-2/,lesson,sfwd-lessons-sitemap.xml,2025-03-27T10:50:16+00:00,no,no,/nl/lessons/e-invoicing-via-peppol-voor-ondernemers-2
https://academy.octopus.be/nl/lessons/les-3/,/nl/lessons/les-3/,lesson,sfwd-lessons-sitemap.xml,2025-02-24T08:27:42+00:00,no,no,/nl/lessons/les-3
https://academy.octopus.be/nl/course-category/cursussen-in-de-kijker/,/nl/course-category/cursussen-in-de-kijker/,course-category,ld_course_category-sitemap.xml,2025-10-30T09:31:00+00:00,no,no,/nl/course-category/cursussen-in-de-kijker
https://academy.octopus.be/nl/course-category/basiskennis-boekhouden-met-octopus/,/nl/course-category/basiskennis-boekhouden-met-octopus/,course-category,ld_course_category-sitemap.xml,2025-03-28T10:32:09+00:00,no,no,/nl/course-category/basiskennis-boekhouden-met-octopus
https://academy.octopus.be/nl/course-category/digitaal-boekhouden/,/nl/course-category/digitaal-boekhouden/,course-category,ld_course_category-sitemap.xml,2025-10-30T09:31:00+00:00,no,no,/nl/course-category/digitaal-boekhouden
https://academy.octopus.be/nl/course-category/how-tos-in-de-kijker/,/nl/course-category/how-tos-in-de-kijker/,course-category,ld_course_category-sitemap.xml,2025-10-30T09:31:00+00:00,no,no,/nl/course-category/how-tos-in-de-kijker
https://academy.octopus.be/nl/course-category/how-tos/,/nl/course-category/how-tos/,course-category,ld_course_category-sitemap.xml,2025-10-30T09:31:00+00:00,no,no,/nl/course-category/how-tos
https://academy.octopus.be/nl/course-category/digitaliseren-met-octopus/,/nl/course-category/digitaliseren-met-octopus/,course-category,ld_course_category-sitemap.xml,2025-10-30T09:31:00+00:00,no,no,/nl/course-category/digitaliseren-met-octopus
https://academy.octopus.be/nl/course-category/klantenportaal/,/nl/course-category/klantenportaal/,course-category,ld_course_category-sitemap.xml,2025-03-28T10:26:26+00:00,no,no,/nl/course-category/klantenportaal
https://academy.octopus.be/nl/course-category/boekhouding/,/nl/course-category/boekhouding/,course-category,ld_course_category-sitemap.xml,2025-03-28T10:31:17+00:00,no,no,/nl/course-category/boekhouding
https://academy.octopus.be/nl/course-tag/starter/,/nl/course-tag/starter/,course-tag,ld_course_tag-sitemap.xml,2025-03-28T10:32:09+00:00,no,no,/nl/course-tag/starter
https://academy.octopus.be/nl/course-tag/gevorderd/,/nl/course-tag/gevorderd/,course-tag,ld_course_tag-sitemap.xml,2025-03-28T10:28:48+00:00,no,no,/nl/course-tag/gevorderd
https://academy.octopus.be/nl/course-tag/boekhoudprogramma/,/nl/course-tag/boekhoudprogramma/,course-tag,ld_course_tag-sitemap.xml,2025-10-30T09:31:00+00:00,no,no,/nl/course-tag/boekhoudprogramma
https://academy.octopus.be/nl/course-tag/klantenportaal/,/nl/course-tag/klantenportaal/,course-tag,ld_course_tag-sitemap.xml,2025-10-30T09:31:00+00:00,no,no,/nl/course-tag/klantenportaal
https://academy.octopus.be/nl/Cursussen/coda/lessons/activatie-van-een-coda-mandaat/,/nl/Cursussen/coda/lessons/activatie-van-een-coda-mandaat/,video-entry,video-sitemap.xml,,no,yes,/nl/cursussen/coda/lessons/activatie-van-een-coda-mandaat
https://academy.octopus.be/nl/lessons/dms-via-de-unieke-e-mailadressen/,/nl/lessons/dms-via-de-unieke-e-mailadressen/,video-entry,video-sitemap.xml,,no,no,/nl/lessons/dms-via-de-unieke-e-mailadressen
https://academy.octopus.be/nl/Cursussen/menu-beheer/lessons/eindklanten/,/nl/Cursussen/menu-beheer/lessons/eindklanten/,video-entry,video-sitemap.xml,,no,yes,/nl/cursussen/menu-beheer/lessons/eindklanten
https://academy.octopus.be/nl/Cursussen/menu-beheer/lessons/wachtwoord-wijzigen/,/nl/Cursussen/menu-beheer/lessons/wachtwoord-wijzigen/,video-entry,video-sitemap.xml,,no,yes,/nl/cursussen/menu-beheer/lessons/wachtwoord-wijzigen
https://academy.octopus.be/nl/Cursussen/menu-beheer/lessons/gebruikers/,/nl/Cursussen/menu-beheer/lessons/gebruikers/,video-entry,video-sitemap.xml,,no,yes,/nl/cursussen/menu-beheer/lessons/gebruikers
https://academy.octopus.be/nl/Cursussen/ondernemer-facturatie/lessons/rappels/,/nl/Cursussen/ondernemer-facturatie/lessons/rappels/,video-entry,video-sitemap.xml,,no,yes,/nl/cursussen/ondernemer-facturatie/lessons/rappels
https://academy.octopus.be/nl/Cursussen/ondernemer-facturatie/lessons/doorboeken/,/nl/Cursussen/ondernemer-facturatie/lessons/doorboeken/,video-entry,video-sitemap.xml,,no,yes,/nl/cursussen/ondernemer-facturatie/lessons/doorboeken
https://academy.octopus.be/nl/Cursussen/hoe-een-boeking-inbrengen/lessons/verkoopfacturen-en-creditnotas/,/nl/Cursussen/hoe-een-boeking-inbrengen/lessons/verkoopfacturen-en-creditnotas/,video-entry,video-sitemap.xml,,no,yes,/nl/cursussen/hoe-een-boeking-inbrengen/lessons/verkoopfacturen-en-creditnotas
https://academy.octopus.be/nl/Cursussen/hoe-een-boeking-inbrengen/lessons/een-aankoopfactuur-en-creditnota-boeken/,/nl/Cursussen/hoe-een-boeking-inbrengen/lessons/een-aankoopfactuur-en-creditnota-boeken/,video-entry,video-sitemap.xml,,no,yes,/nl/cursussen/hoe-een-boeking-inbrengen/lessons/een-aankoopfactuur-en-creditnota-boeken
https://academy.octopus.be/nl/Cursussen/hoe-een-boeking-inbrengen/lessons/extra-functies-bij-boeken-van-aankoopfacturen/,/nl/Cursussen/hoe-een-boeking-inbrengen/lessons/extra-functies-bij-boeken-van-aankoopfacturen/,video-entry,video-sitemap.xml,,no,yes,/nl/cursussen/hoe-een-boeking-inbrengen/lessons/extra-functies-bij-boeken-van-aankoopfacturen
https://academy.octopus.be/nl/Cursussen/hoe-een-boeking-inbrengen/lessons/boeken-van-aankoopfactuur-met-investering/,/nl/Cursussen/hoe-een-boeking-inbrengen/lessons/boeken-van-aankoopfactuur-met-investering/,video-entry,video-sitemap.xml,,no,yes,/nl/cursussen/hoe-een-boeking-inbrengen/lessons/boeken-van-aankoopfactuur-met-investering
https://academy.octopus.be/nl/Cursussen/hoe-een-boeking-inbrengen/lessons/boeken-van-aankoopfactuur-met-autofiscaliteit/,/nl/Cursussen/hoe-een-boeking-inbrengen/lessons/boeken-van-aankoopfactuur-met-autofiscaliteit/,video-entry,video-sitemap.xml,,no,yes,/nl/cursussen/hoe-een-boeking-inbrengen/lessons/boeken-van-aankoopfactuur-met-autofiscaliteit
https://academy.octopus.be/nl/Cursussen/hoe-een-boeking-inbrengen/lessons/boeken-van-aankoopfactuur-met-kostenplaatsen/,/nl/Cursussen/hoe-een-boeking-inbrengen/lessons/boeken-van-aankoopfactuur-met-kostenplaatsen/,video-entry,video-sitemap.xml,,no,yes,/nl/cursussen/hoe-een-boeking-inbrengen/lessons/boeken-van-aankoopfactuur-met-kostenplaatsen
https://academy.octopus.be/nl/Cursussen/hoe-een-boeking-inbrengen/lessons/boeken-van-aankoopfactuur-met-gespreide-kosten/,/nl/Cursussen/hoe-een-boeking-inbrengen/lessons/boeken-van-aankoopfactuur-met-gespreide-kosten/,video-entry,video-sitemap.xml,,no,yes,/nl/cursussen/hoe-een-boeking-inbrengen/lessons/boeken-van-aankoopfactuur-met-gespreide-kosten
https://academy.octopus.be/nl/Cursussen/hoe-een-boeking-inbrengen/lessons/boeken-erelonen-en-koppelen-met-fiche-281-50/,/nl/Cursussen/hoe-een-boeking-inbrengen/lessons/boeken-erelonen-en-koppelen-met-fiche-281-50/,video-entry,video-sitemap.xml,,no,yes,/nl/cursussen/hoe-een-boeking-inbrengen/lessons/boeken-erelonen-en-koppelen-met-fiche-281-50
https://academy.octopus.be/nl/Cursussen/menu-beheer/lessons/dossiers/,/nl/Cursussen/menu-beheer/lessons/dossiers/,video-entry,video-sitemap.xml,,no,yes,/nl/cursussen/menu-beheer/lessons/dossiers
https://academy.octopus.be/nl/Cursussen/menu-beheer/lessons/dossier-manager/,/nl/Cursussen/menu-beheer/lessons/dossier-manager/,video-entry,video-sitemap.xml,,no,yes,/nl/cursussen/menu-beheer/lessons/dossier-manager
https://academy.octopus.be/nl/Cursussen/menu-beheer/lessons/boekjaren/,/nl/Cursussen/menu-beheer/lessons/boekjaren/,video-entry,video-sitemap.xml,,no,yes,/nl/cursussen/menu-beheer/lessons/boekjaren
https://academy.octopus.be/nl/Cursussen/menu-beheer/lessons/dagboeken/,/nl/Cursussen/menu-beheer/lessons/dagboeken/,video-entry,video-sitemap.xml,,no,yes,/nl/cursussen/menu-beheer/lessons/dagboeken
https://academy.octopus.be/nl/Cursussen/menu-beheer/lessons/btw-codes/,/nl/Cursussen/menu-beheer/lessons/btw-codes/,video-entry,video-sitemap.xml,,no,yes,/nl/cursussen/menu-beheer/lessons/btw-codes
https://academy.octopus.be/nl/Cursussen/menu-beheer/lessons/muntcodes/,/nl/Cursussen/menu-beheer/lessons/muntcodes/,video-entry,video-sitemap.xml,,no,yes,/nl/cursussen/menu-beheer/lessons/muntcodes
https://academy.octopus.be/nl/Cursussen/menu-beheer/lessons/rekeningen/,/nl/Cursussen/menu-beheer/lessons/rekeningen/,video-entry,video-sitemap.xml,,no,yes,/nl/cursussen/menu-beheer/lessons/rekeningen
https://academy.octopus.be/nl/Cursussen/menu-beheer/lessons/fiscale-aftrek/,/nl/Cursussen/menu-beheer/lessons/fiscale-aftrek/,video-entry,video-sitemap.xml,,no,yes,/nl/cursussen/menu-beheer/lessons/fiscale-aftrek
https://academy.octopus.be/nl/Cursussen/menu-beheer/lessons/relaties/,/nl/Cursussen/menu-beheer/lessons/relaties/,video-entry,video-sitemap.xml,,no,yes,/nl/cursussen/menu-beheer/lessons/relaties
https://academy.octopus.be/nl/Cursussen/menu-beheer/lessons/beheer-postcodes-en-landcodes/,/nl/Cursussen/menu-beheer/lessons/beheer-postcodes-en-landcodes/,video-entry,video-sitemap.xml,,no,yes,/nl/cursussen/menu-beheer/lessons/beheer-postcodes-en-landcodes
https://academy.octopus.be/nl/Cursussen/menu-beheer/lessons/beheer-afschrijvingen/,/nl/Cursussen/menu-beheer/lessons/beheer-afschrijvingen/,video-entry,video-sitemap.xml,,no,yes,/nl/cursussen/menu-beheer/lessons/beheer-afschrijvingen
https://academy.octopus.be/nl/Cursussen/menu-beheer/lessons/beheer-leningen/,/nl/Cursussen/menu-beheer/lessons/beheer-leningen/,video-entry,video-sitemap.xml,,no,yes,/nl/cursussen/menu-beheer/lessons/beheer-leningen
https://academy.octopus.be/nl/Cursussen/met-het-pakket-starten/lessons/intro-een-eerste-rondleiding-in-octopus/,/nl/Cursussen/met-het-pakket-starten/lessons/intro-een-eerste-rondleiding-in-octopus/,video-entry,video-sitemap.xml,,no,yes,/nl/cursussen/met-het-pakket-starten/lessons/intro-een-eerste-rondleiding-in-octopus
https://academy.octopus.be/nl/Cursussen/ondernemer-facturatie/lessons/intro-facturatie/,/nl/Cursussen/ondernemer-facturatie/lessons/intro-facturatie/,video-entry,video-sitemap.xml,,no,yes,/nl/cursussen/ondernemer-facturatie/lessons/intro-facturatie
https://academy.octopus.be/nl/Cursussen/ondernemer-facturatie/lessons/installatie-facturatiemodule/,/nl/Cursussen/ondernemer-facturatie/lessons/installatie-facturatiemodule/,video-entry,video-sitemap.xml,,no,yes,/nl/cursussen/ondernemer-facturatie/lessons/installatie-facturatiemodule
https://academy.octopus.be/nl/Cursussen/ondernemer-facturatie/lessons/artikels-en-artikelgroepen/,/nl/Cursussen/ondernemer-facturatie/lessons/artikels-en-artikelgroepen/,video-entry,video-sitemap.xml,,no,yes,/nl/cursussen/ondernemer-facturatie/lessons/artikels-en-artikelgroepen
https://academy.octopus.be/nl/Cursussen/ondernemer-facturatie/lessons/offertes-of-leveringsnotas-aanmaken-en-bundelen/,/nl/Cursussen/ondernemer-facturatie/lessons/offertes-of-leveringsnotas-aanmaken-en-bundelen/,video-entry,video-sitemap.xml,,no,yes,/nl/cursussen/ondernemer-facturatie/lessons/offertes-of-leveringsnotas-aanmaken-en-bundelen
https://academy.octopus.be/nl/Cursussen/ondernemer-facturatie/lessons/verkoopfacturen/,/nl/Cursussen/ondernemer-facturatie/lessons/verkoopfacturen/,video-entry,video-sitemap.xml,,no,yes,/nl/cursussen/ondernemer-facturatie/lessons/verkoopfacturen
https://academy.octopus.be/nl/Cursussen/lijsten-in-octopus/lessons/dagboeken-2/,/nl/Cursussen/lijsten-in-octopus/lessons/dagboeken-2/,video-entry,video-sitemap.xml,,no,yes,/nl/cursussen/lijsten-in-octopus/lessons/dagboeken-2
https://academy.octopus.be/nl/Cursussen/lijsten-in-octopus/lessons/opzoeken-documenten-en-controle-dubbele-boekingen/,/nl/Cursussen/lijsten-in-octopus/lessons/opzoeken-documenten-en-controle-dubbele-boekingen/,video-entry,video-sitemap.xml,,no,yes,/nl/cursussen/lijsten-in-octopus/lessons/opzoeken-documenten-en-controle-dubbele-boekingen
https://academy.octopus.be/nl/Cursussen/lijsten-in-octopus/lessons/gespreide-kosten/,/nl/Cursussen/lijsten-in-octopus/lessons/gespreide-kosten/,video-entry,video-sitemap.xml,,no,yes,/nl/cursussen/lijsten-in-octopus/lessons/gespreide-kosten
https://academy.octopus.be/nl/Cursussen/lijsten-in-octopus/lessons/afpuntingen/,/nl/Cursussen/lijsten-in-octopus/lessons/afpuntingen/,video-entry,video-sitemap.xml,,no,yes,/nl/cursussen/lijsten-in-octopus/lessons/afpuntingen
https://academy.octopus.be/nl/Cursussen/lijsten-in-octopus/lessons/nazicht-klanten-of-leveranciers/,/nl/Cursussen/lijsten-in-octopus/lessons/nazicht-klanten-of-leveranciers/,video-entry,video-sitemap.xml,,no,yes,/nl/cursussen/lijsten-in-octopus/lessons/nazicht-klanten-of-leveranciers
https://academy.octopus.be/nl/Cursussen/lijsten-in-octopus/lessons/nazicht-rekeningen/,/nl/Cursussen/lijsten-in-octopus/lessons/nazicht-rekeningen/,video-entry,video-sitemap.xml,,no,yes,/nl/cursussen/lijsten-in-octopus/lessons/nazicht-rekeningen
https://academy.octopus.be/nl/Cursussen/lijsten-in-octopus/lessons/historieken/,/nl/Cursussen/lijsten-in-octopus/lessons/historieken/,video-entry,video-sitemap.xml,,no,yes,/nl/cursussen/lijsten-in-octopus/lessons/historieken
https://academy.octopus.be/nl/lessons/balansen/,/nl/lessons/balansen/,video-entry,video-sitemap.xml,,no,no,/nl/lessons/balansen
https://academy.octopus.be/nl/Cursussen/lijsten-in-octopus/lessons/balansen-uitgebreid/,/nl/Cursussen/lijsten-in-octopus/lessons/balansen-uitgebreid/,video-entry,video-sitemap.xml,,no,yes,/nl/cursussen/lijsten-in-octopus/lessons/balansen-uitgebreid
https://academy.octopus.be/nl/Cursussen/lijsten-in-octopus/lessons/omzetvergelijking-klanten-of-leveranciers/,/nl/Cursussen/lijsten-in-octopus/lessons/omzetvergelijking-klanten-of-leveranciers/,video-entry,video-sitemap.xml,,no,yes,/nl/cursussen/lijsten-in-octopus/lessons/omzetvergelijking-klanten-of-leveranciers
https://academy.octopus.be/nl/Cursussen/lijsten-in-octopus/lessons/omzetvergelijking-btw/,/nl/Cursussen/lijsten-in-octopus/lessons/omzetvergelijking-btw/,video-entry,video-sitemap.xml,,no,yes,/nl/cursussen/lijsten-in-octopus/lessons/omzetvergelijking-btw
https://academy.octopus.be/nl/Cursussen/lijsten-in-octopus/lessons/aangiftes-btw-btw-listing-en-ic-listing/,/nl/Cursussen/lijsten-in-octopus/lessons/aangiftes-btw-btw-listing-en-ic-listing/,video-entry,video-sitemap.xml,,no,yes,/nl/cursussen/lijsten-in-octopus/lessons/aangiftes-btw-btw-listing-en-ic-listing
https://academy.octopus.be/nl/Cursussen/lijsten-in-octopus/lessons/oss-aangifte/,/nl/Cursussen/lijsten-in-octopus/lessons/oss-aangifte/,video-entry,video-sitemap.xml,,no,yes,/nl/cursussen/lijsten-in-octopus/lessons/oss-aangifte
https://academy.octopus.be/nl/Cursussen/lijsten-in-octopus/lessons/intrastat-aangifte/,/nl/Cursussen/lijsten-in-octopus/lessons/intrastat-aangifte/,video-entry,video-sitemap.xml,,no,yes,/nl/cursussen/lijsten-in-octopus/lessons/intrastat-aangifte
https://academy.octopus.be/nl/Cursussen/lijsten-in-octopus/lessons/investeringsoverzicht-en-afschrijvingstabel/,/nl/Cursussen/lijsten-in-octopus/lessons/investeringsoverzicht-en-afschrijvingstabel/,video-entry,video-sitemap.xml,,no,yes,/nl/cursussen/lijsten-in-octopus/lessons/investeringsoverzicht-en-afschrijvingstabel
https://academy.octopus.be/nl/Cursussen/lijsten-in-octopus/lessons/overzicht-leningen/,/nl/Cursussen/lijsten-in-octopus/lessons/overzicht-leningen/,video-entry,video-sitemap.xml,,no,yes,/nl/cursussen/lijsten-in-octopus/lessons/overzicht-leningen
https://academy.octopus.be/nl/Cursussen/lijsten-in-octopus/lessons/fiche-281-50/,/nl/Cursussen/lijsten-in-octopus/lessons/fiche-281-50/,video-entry,video-sitemap.xml,,no,yes,/nl/cursussen/lijsten-in-octopus/lessons/fiche-281-50
https://academy.octopus.be/nl/Cursussen/lijsten-in-octopus/lessons/balansen-beknopt/,/nl/Cursussen/lijsten-in-octopus/lessons/balansen-beknopt/,video-entry,video-sitemap.xml,,no,yes,/nl/cursussen/lijsten-in-octopus/lessons/balansen-beknopt
https://academy.octopus.be/nl/Cursussen/ondernemer-facturatie/lessons/afdrukken-en-verzenden-leveringsnotas-en-facturen/,/nl/Cursussen/ondernemer-facturatie/lessons/afdrukken-en-verzenden-leveringsnotas-en-facturen/,video-entry,video-sitemap.xml,,no,yes,/nl/cursussen/ondernemer-facturatie/lessons/afdrukken-en-verzenden-leveringsnotas-en-facturen
https://academy.octopus.be/nl/Cursussen/hoe-een-boeking-inbrengen/lessons/boeken-bankuittreksel/,/nl/Cursussen/hoe-een-boeking-inbrengen/lessons/boeken-bankuittreksel/,video-entry,video-sitemap.xml,,no,yes,/nl/cursussen/hoe-een-boeking-inbrengen/lessons/boeken-bankuittreksel
https://academy.octopus.be/nl/Cursussen/hoe-een-boeking-inbrengen/lessons/boeken-kas/,/nl/Cursussen/hoe-een-boeking-inbrengen/lessons/boeken-kas/,video-entry,video-sitemap.xml,,no,yes,/nl/cursussen/hoe-een-boeking-inbrengen/lessons/boeken-kas
https://academy.octopus.be/nl/Cursussen/hoe-een-boeking-inbrengen/lessons/boeken-diversen/,/nl/Cursussen/hoe-een-boeking-inbrengen/lessons/boeken-diversen/,video-entry,video-sitemap.xml,,no,yes,/nl/cursussen/hoe-een-boeking-inbrengen/lessons/boeken-diversen
https://academy.octopus.be/nl/Cursussen/hoe-een-boeking-inbrengen/lessons/automatische-diversen/,/nl/Cursussen/hoe-een-boeking-inbrengen/lessons/automatische-diversen/,video-entry,video-sitemap.xml,,no,yes,/nl/cursussen/hoe-een-boeking-inbrengen/lessons/automatische-diversen
https://academy.octopus.be/nl/Cursussen/hoe-een-boeking-inbrengen/lessons/afpunten-rekeningen/,/nl/Cursussen/hoe-een-boeking-inbrengen/lessons/afpunten-rekeningen/,video-entry,video-sitemap.xml,,no,yes,/nl/cursussen/hoe-een-boeking-inbrengen/lessons/afpunten-rekeningen
https://academy.octopus.be/nl/Cursussen/hoe-een-boeking-inbrengen/lessons/afpunten-relaties/,/nl/Cursussen/hoe-een-boeking-inbrengen/lessons/afpunten-relaties/,video-entry,video-sitemap.xml,,no,yes,/nl/cursussen/hoe-een-boeking-inbrengen/lessons/afpunten-relaties
https://academy.octopus.be/nl/Cursussen/lijsten-in-octopus/lessons/btw-listing/,/nl/Cursussen/lijsten-in-octopus/lessons/btw-listing/,video-entry,video-sitemap.xml,,no,yes,/nl/cursussen/lijsten-in-octopus/lessons/btw-listing
https://academy.octopus.be/nl/Cursussen/lijsten-in-octopus/lessons/btw-aangifte/,/nl/Cursussen/lijsten-in-octopus/lessons/btw-aangifte/,video-entry,video-sitemap.xml,,no,yes,/nl/cursussen/lijsten-in-octopus/lessons/btw-aangifte
https://academy.octopus.be/nl/Cursussen/lijsten-in-octopus/lessons/investeringsaftrek/,/nl/Cursussen/lijsten-in-octopus/lessons/investeringsaftrek/,video-entry,video-sitemap.xml,,no,yes,/nl/cursussen/lijsten-in-octopus/lessons/investeringsaftrek
https://academy.octopus.be/nl/Cursussen/documenten-doorsturen-via-dms/lessons/wat-is-dms/,/nl/Cursussen/documenten-doorsturen-via-dms/lessons/wat-is-dms/,video-entry,video-sitemap.xml,,no,yes,/nl/cursussen/documenten-doorsturen-via-dms/lessons/wat-is-dms
https://academy.octopus.be/nl/Cursussen/documenten-doorsturen-via-dms/lessons/document-viewer/,/nl/Cursussen/documenten-doorsturen-via-dms/lessons/document-viewer/,video-entry,video-sitemap.xml,,no,yes,/nl/cursussen/documenten-doorsturen-via-dms/lessons/document-viewer
https://academy.octopus.be/nl/Cursussen/documenten-doorsturen-via-dms/lessons/document-archief/,/nl/Cursussen/documenten-doorsturen-via-dms/lessons/document-archief/,video-entry,video-sitemap.xml,,no,yes,/nl/cursussen/documenten-doorsturen-via-dms/lessons/document-archief
https://academy.octopus.be/nl/Cursussen/documenten-doorsturen-via-dms/lessons/document-import-viewer-of-div/,/nl/Cursussen/documenten-doorsturen-via-dms/lessons/document-import-viewer-of-div/,video-entry,video-sitemap.xml,,no,yes,/nl/cursussen/documenten-doorsturen-via-dms/lessons/document-import-viewer-of-div
https://academy.octopus.be/nl/Cursussen/documenten-doorsturen-via-dms/lessons/doorsturen-doc-via-de-unieke-e-mailadressen/,/nl/Cursussen/documenten-doorsturen-via-dms/lessons/doorsturen-doc-via-de-unieke-e-mailadressen/,video-entry,video-sitemap.xml,,no,yes,/nl/cursussen/documenten-doorsturen-via-dms/lessons/doorsturen-doc-via-de-unieke-e-mailadressen
https://academy.octopus.be/nl/Cursussen/documenten-doorsturen-via-dms/lessons/document-koppelen-tijden-het-boeken-via-div/,/nl/Cursussen/documenten-doorsturen-via-dms/lessons/document-koppelen-tijden-het-boeken-via-div/,video-entry,video-sitemap.xml,,no,yes,/nl/cursussen/documenten-doorsturen-via-dms/lessons/document-koppelen-tijden-het-boeken-via-div
https://academy.octopus.be/nl/Cursussen/documenten-doorsturen-via-dms/lessons/document-achteraf-koppelen-via-drag-drop/,/nl/Cursussen/documenten-doorsturen-via-dms/lessons/document-achteraf-koppelen-via-drag-drop/,video-entry,video-sitemap.xml,,no,yes,/nl/cursussen/documenten-doorsturen-via-dms/lessons/document-achteraf-koppelen-via-drag-drop
https://academy.octopus.be/nl/Cursussen/documenten-doorsturen-via-dms/lessons/opzoeken-gekoppeld-document-2/,/nl/Cursussen/documenten-doorsturen-via-dms/lessons/opzoeken-gekoppeld-document-2/,video-entry,video-sitemap.xml,,no,yes,/nl/cursussen/documenten-doorsturen-via-dms/lessons/opzoeken-gekoppeld-document-2
https://academy.octopus.be/nl/Cursussen/documenten-doorsturen-via-dms/lessons/dms-audit/,/nl/Cursussen/documenten-doorsturen-via-dms/lessons/dms-audit/,video-entry,video-sitemap.xml,,no,yes,/nl/cursussen/documenten-doorsturen-via-dms/lessons/dms-audit
https://academy.octopus.be/nl/Cursussen/documenten-doorsturen-via-dms/lessons/backup-nemen-van-documenten-bewaard-in-dms/,/nl/Cursussen/documenten-doorsturen-via-dms/lessons/backup-nemen-van-documenten-bewaard-in-dms/,video-entry,video-sitemap.xml,,no,yes,/nl/cursussen/documenten-doorsturen-via-dms/lessons/backup-nemen-van-documenten-bewaard-in-dms
https://academy.octopus.be/nl/Cursussen/peppol/lessons/facturen-ontvangen-via-peppol/,/nl/Cursussen/peppol/lessons/facturen-ontvangen-via-peppol/,video-entry,video-sitemap.xml,,no,yes,/nl/cursussen/peppol/lessons/facturen-ontvangen-via-peppol
https://academy.octopus.be/nl/Cursussen/peppol/lessons/facturen-verzenden-via-peppol/,/nl/Cursussen/peppol/lessons/facturen-verzenden-via-peppol/,video-entry,video-sitemap.xml,,no,yes,/nl/cursussen/peppol/lessons/facturen-verzenden-via-peppol
https://academy.octopus.be/nl/Cursussen/coda/lessons/coda-mandaat-zelf-importeren/,/nl/Cursussen/coda/lessons/coda-mandaat-zelf-importeren/,video-entry,video-sitemap.xml,,no,yes,/nl/cursussen/coda/lessons/coda-mandaat-zelf-importeren
https://academy.octopus.be/nl/Cursussen/coda/lessons/afpunten-wachtrekening/,/nl/Cursussen/coda/lessons/afpunten-wachtrekening/,video-entry,video-sitemap.xml,,no,yes,/nl/cursussen/coda/lessons/afpunten-wachtrekening
https://academy.octopus.be/nl/Cursussen/met-het-pakket-starten/lessons/hoe-octopus-bestellen/,/nl/Cursussen/met-het-pakket-starten/lessons/hoe-octopus-bestellen/,video-entry,video-sitemap.xml,,no,yes,/nl/cursussen/met-het-pakket-starten/lessons/hoe-octopus-bestellen
https://academy.octopus.be/nl/Cursussen/documenten-doorsturen-via-dms/lessons/gebruik-maken-van-de-app-realtime/,/nl/Cursussen/documenten-doorsturen-via-dms/lessons/gebruik-maken-van-de-app-realtime/,video-entry,video-sitemap.xml,,no,yes,/nl/cursussen/documenten-doorsturen-via-dms/lessons/gebruik-maken-van-de-app-realtime
https://academy.octopus.be/nl/Cursussen/documenten-doorsturen-via-dms/lessons/gebruik-maken-van-het-klantenportaal/,/nl/Cursussen/documenten-doorsturen-via-dms/lessons/gebruik-maken-van-het-klantenportaal/,video-entry,video-sitemap.xml,,no,yes,/nl/cursussen/documenten-doorsturen-via-dms/lessons/gebruik-maken-van-het-klantenportaal
https://academy.octopus.be/nl/Cursussen/klantenportaal/lessons/introductie/,/nl/Cursussen/klantenportaal/lessons/introductie/,video-entry,video-sitemap.xml,,no,yes,/nl/cursussen/klantenportaal/lessons/introductie
https://academy.octopus.be/nl/Cursussen/klantenportaal/lessons/verkoopfacturen-2/,/nl/Cursussen/klantenportaal/lessons/verkoopfacturen-2/,video-entry,video-sitemap.xml,,no,yes,/nl/cursussen/klantenportaal/lessons/verkoopfacturen-2
https://academy.octopus.be/nl/Cursussen/klantenportaal/lessons/aankoopfacturen/,/nl/Cursussen/klantenportaal/lessons/aankoopfacturen/,video-entry,video-sitemap.xml,,no,yes,/nl/cursussen/klantenportaal/lessons/aankoopfacturen
https://academy.octopus.be/nl/Cursussen/octopus-webinars/lessons/e-invoicing-via-peppol-voor-ondernemers-2-2/,/nl/Cursussen/octopus-webinars/lessons/e-invoicing-via-peppol-voor-ondernemers-2-2/,video-entry,video-sitemap.xml,,no,yes,/nl/cursussen/octopus-webinars/lessons/e-invoicing-via-peppol-voor-ondernemers-2-2
https://academy.octopus.be/nl/Cursussen/octopus-webinars/lessons/e-invoicing-in-het-klantenportaal-voor-ondernemers/,/nl/Cursussen/octopus-webinars/lessons/e-invoicing-in-het-klantenportaal-voor-ondernemers/,video-entry,video-sitemap.xml,,no,yes,/nl/cursussen/octopus-webinars/lessons/e-invoicing-in-het-klantenportaal-voor-ondernemers
https://academy.octopus.be/nl/Cursussen/octopus-webinars/lessons/e-invoicing-via-peppol-voor-ondernemers-2/,/nl/Cursussen/octopus-webinars/lessons/e-invoicing-via-peppol-voor-ondernemers-2/,video-entry,video-sitemap.xml,,no,yes,/nl/cursussen/octopus-webinars/lessons/e-invoicing-via-peppol-voor-ondernemers-2
https://academy.octopus.be/nl/peppol-activeren-in-octopus/,/nl/peppol-activeren-in-octopus/,video-entry,video-sitemap.xml,,no,no,/nl/peppol-activeren-in-octopus
