"mapping_id","entity_type","legacy_url","legacy_path","legacy_slug","proposed_new_path","new_content_key","migration_action","redirect_status","mapping_status","note","source_sitemap","legacy_lastmod"
"MAP-0001","page","https://academy.octopus.be/nl/","/nl/","home","/nl/","page:home","canonical","301","todo","Primaire homepage canonical.","page-sitemap.xml","2025-12-08T13:20:10+00:00"
"MAP-0002","page","https://academy.octopus.be/nl/algemene-voorwaarden/","/nl/algemene-voorwaarden/","algemene-voorwaarden","/nl/algemene-voorwaarden/","page:algemene-voorwaarden","redirect","301","todo","","page-sitemap.xml","2022-06-27T12:20:24+00:00"
"MAP-0003","page","https://academy.octopus.be/nl/certificate-verification/","/nl/certificate-verification/","certificate-verification","/nl/certificaat-verificatie/","page:certificate-verification","redirect","301","todo","","page-sitemap.xml","2024-12-04T15:28:40+00:00"
"MAP-0004","page","https://academy.octopus.be/nl/cookie/","/nl/cookie/","cookie","/nl/cookie/","page:cookie","redirect","301","todo","","page-sitemap.xml","2022-06-27T13:00:16+00:00"
"MAP-0005","page","https://academy.octopus.be/nl/cursuslijst-boekhoudprogramma/","/nl/cursuslijst-boekhoudprogramma/","cursuslijst-boekhoudprogramma","/nl/cursussen/?categorie=boekhoudprogramma","page:cursuslijst-boekhoudprogramma","redirect","301","todo","Legacy overzicht vervangen door filter op /nl/cursussen/.","page-sitemap.xml","2025-12-08T11:54:53+00:00"
"MAP-0006","page","https://academy.octopus.be/nl/cursuslijst-klantenportaal/","/nl/cursuslijst-klantenportaal/","cursuslijst-klantenportaal","/nl/cursussen/?categorie=klantenportaal","page:cursuslijst-klantenportaal","redirect","301","todo","Legacy overzicht vervangen door filter op /nl/cursussen/.","page-sitemap.xml","2025-12-05T11:51:04+00:00"
"MAP-0007","page","https://academy.octopus.be/nl/cursuslijst-ontdek/","/nl/cursuslijst-ontdek/","cursuslijst-ontdek","/nl/cursussen/?categorie=ontdek","page:cursuslijst-ontdek","redirect","301","todo","Legacy overzicht vervangen door filter op /nl/cursussen/.","page-sitemap.xml","2025-12-05T11:38:20+00:00"
"MAP-0008","page","https://academy.octopus.be/nl/cursussen/","/nl/cursussen/","cursussen","/nl/cursussen/","page:cursussen","redirect","301","todo","","page-sitemap.xml","2026-01-08T14:51:56+00:00"
"MAP-0009","page","https://academy.octopus.be/nl/cursussen/alle-cursussen/","/nl/cursussen/alle-cursussen/","alle-cursussen","/nl/cursussen/","page:alle-cursussen","redirect","301","todo","","page-sitemap.xml","2025-04-14T13:48:57+00:00"
"MAP-0010","page","https://academy.octopus.be/nl/disclaimer/","/nl/disclaimer/","disclaimer","/nl/disclaimer/","page:disclaimer","redirect","301","todo","","page-sitemap.xml","2022-06-27T12:21:46+00:00"
"MAP-0011","page","https://academy.octopus.be/nl/elementor-6522/","/nl/elementor-6522/","elementor-6522","","page:elementor-6522","deprecate","410","todo","Technische/testpagina uit productie houden.","page-sitemap.xml","2026-03-03T14:09:28+00:00"
"MAP-0012","page","https://academy.octopus.be/nl/home/","/nl/home/","home","/nl/","page:home","redirect","301","todo","Consolideren naar /nl/ volgens URL policy.","page-sitemap.xml","2025-03-28T09:13:55+00:00"
"MAP-0013","page","https://academy.octopus.be/nl/how-tos/","/nl/how-tos/","how-tos","/nl/how-tos/","page:how-tos","redirect","301","todo","","page-sitemap.xml","2024-11-20T08:32:37+00:00"
"MAP-0014","page","https://academy.octopus.be/nl/my-account/","/nl/my-account/","my-account","/nl/account/","page:my-account","redirect","301","todo","","page-sitemap.xml","2025-12-08T15:22:43+00:00"
"MAP-0015","page","https://academy.octopus.be/nl/my-account/mijn-cursussen/","/nl/my-account/mijn-cursussen/","mijn-cursussen","/nl/account/cursussen/","page:mijn-cursussen","redirect","301","todo","","page-sitemap.xml","2025-03-27T11:07:37+00:00"
"MAP-0016","page","https://academy.octopus.be/nl/over-octopus-academy/","/nl/over-octopus-academy/","over-octopus-academy","/nl/over-octopus-academy/","page:over-octopus-academy","redirect","301","todo","","page-sitemap.xml","2025-12-08T15:18:35+00:00"
"MAP-0017","page","https://academy.octopus.be/nl/peppol-activeren-in-octopus/","/nl/peppol-activeren-in-octopus/","peppol-activeren-in-octopus","/nl/cursussen/peppol/","page:peppol-activeren-in-octopus","redirect","301","todo","","page-sitemap.xml","2023-12-06T09:43:30+00:00"
"MAP-0018","page","https://academy.octopus.be/nl/privacy-policy/","/nl/privacy-policy/","privacy-policy","/nl/privacy-policy/","page:privacy-policy","redirect","301","todo","","page-sitemap.xml","2022-06-27T12:17:35+00:00"
"MAP-0019","page","https://academy.octopus.be/nl/registratie/","/nl/registratie/","registratie","/nl/registratie/","page:registratie","redirect","301","todo","","page-sitemap.xml","2025-03-28T09:01:07+00:00"
"MAP-0020","page","https://academy.octopus.be/nl/test-event_hub/","/nl/test-event_hub/","test-event_hub","","page:test-event_hub","deprecate","410","todo","Technische/testpagina uit productie houden.","page-sitemap.xml","2026-02-05T10:39:59+00:00"
"MAP-0021","course","https://academy.octopus.be/nl/Cursussen/coda/","/nl/Cursussen/coda/","coda","/nl/cursussen/coda/","course:coda","migrate+redirect","301","todo","","sfwd-courses-sitemap.xml","2025-03-28T10:17:10+00:00"
"MAP-0022","course","https://academy.octopus.be/nl/Cursussen/documenten-doorsturen-via-dms/","/nl/Cursussen/documenten-doorsturen-via-dms/","documenten-doorsturen-via-dms","/nl/cursussen/documenten-doorsturen-via-dms/","course:documenten-doorsturen-via-dms","migrate+redirect","301","todo","","sfwd-courses-sitemap.xml","2025-03-28T10:30:13+00:00"
"MAP-0023","course","https://academy.octopus.be/nl/Cursussen/hoe-een-boeking-inbrengen/","/nl/Cursussen/hoe-een-boeking-inbrengen/","hoe-een-boeking-inbrengen","/nl/cursussen/hoe-een-boeking-inbrengen/","course:hoe-een-boeking-inbrengen","migrate+redirect","301","todo","","sfwd-courses-sitemap.xml","2025-03-28T10:31:17+00:00"
"MAP-0024","course","https://academy.octopus.be/nl/Cursussen/klantenportaal/","/nl/Cursussen/klantenportaal/","klantenportaal","/nl/cursussen/klantenportaal/","course:klantenportaal","migrate+redirect","301","todo","","sfwd-courses-sitemap.xml","2026-01-06T14:17:48+00:00"
"MAP-0025","course","https://academy.octopus.be/nl/Cursussen/lijsten-in-octopus/","/nl/Cursussen/lijsten-in-octopus/","lijsten-in-octopus","/nl/cursussen/lijsten-in-octopus/","course:lijsten-in-octopus","migrate+redirect","301","todo","","sfwd-courses-sitemap.xml","2025-03-28T10:25:15+00:00"
"MAP-0026","course","https://academy.octopus.be/nl/Cursussen/menu-beheer/","/nl/Cursussen/menu-beheer/","menu-beheer","/nl/cursussen/menu-beheer/","course:menu-beheer","migrate+redirect","301","todo","","sfwd-courses-sitemap.xml","2025-03-28T10:28:48+00:00"
"MAP-0027","course","https://academy.octopus.be/nl/Cursussen/met-het-pakket-starten/","/nl/Cursussen/met-het-pakket-starten/","met-het-pakket-starten","/nl/cursussen/met-het-pakket-starten/","course:met-het-pakket-starten","migrate+redirect","301","todo","","sfwd-courses-sitemap.xml","2025-03-28T10:32:09+00:00"
"MAP-0028","course","https://academy.octopus.be/nl/Cursussen/octopus-webinars/","/nl/Cursussen/octopus-webinars/","octopus-webinars","/nl/cursussen/octopus-webinars/","course:octopus-webinars","migrate+redirect","301","todo","","sfwd-courses-sitemap.xml","2025-03-28T10:16:15+00:00"
"MAP-0029","course","https://academy.octopus.be/nl/Cursussen/ondernemer-facturatie/","/nl/Cursussen/ondernemer-facturatie/","ondernemer-facturatie","/nl/cursussen/ondernemer-facturatie/","course:ondernemer-facturatie","migrate+redirect","301","todo","","sfwd-courses-sitemap.xml","2025-03-28T10:26:26+00:00"
"MAP-0030","course","https://academy.octopus.be/nl/Cursussen/peppol/","/nl/Cursussen/peppol/","peppol","/nl/cursussen/peppol/","course:peppol","migrate+redirect","301","todo","","sfwd-courses-sitemap.xml","2026-01-16T10:03:11+00:00"
"MAP-0031","lesson","https://academy.octopus.be/nl/lessons/aangiftes-btw-btw-listing-en-ic-listing/","/nl/lessons/aangiftes-btw-btw-listing-en-ic-listing/","aangiftes-btw-btw-listing-en-ic-listing","/nl/cursussen/lijsten-in-octopus/lessons/aangiftes-btw-btw-listing-en-ic-listing/","lesson:aangiftes-btw-btw-listing-en-ic-listing","migrate+redirect","301","todo","","sfwd-lessons-sitemap.xml","2025-03-27T16:14:11+00:00"
"MAP-0032","lesson","https://academy.octopus.be/nl/lessons/aankoopfacturen/","/nl/lessons/aankoopfacturen/","aankoopfacturen","/nl/cursussen/klantenportaal/lessons/aankoopfacturen/","lesson:aankoopfacturen","migrate+redirect","301","todo","","sfwd-lessons-sitemap.xml","2025-03-27T11:18:08+00:00"
"MAP-0033","lesson","https://academy.octopus.be/nl/lessons/aanpassen-factuuropmaak/","/nl/lessons/aanpassen-factuuropmaak/","aanpassen-factuuropmaak","/nl/cursussen/klantenportaal/lessons/aanpassen-factuuropmaak/","lesson:aanpassen-factuuropmaak","migrate+redirect","301","todo","Koppeling op basis van legacy media prefix Klantenportaal_; geen parent-course class in body.","sfwd-lessons-sitemap.xml","2025-12-09T13:25:34+00:00"
"MAP-0034","lesson","https://academy.octopus.be/nl/lessons/aanpassen-factuuropmaak-2/","/nl/lessons/aanpassen-factuuropmaak-2/","aanpassen-factuuropmaak-2","/nl/cursussen/klantenportaal/lessons/aanpassen-factuuropmaak-2/","lesson:aanpassen-factuuropmaak-2","migrate+redirect","301","todo","Koppeling op basis van legacy media prefix Klantenportaal_; geen parent-course class in body.","sfwd-lessons-sitemap.xml","2026-02-02T14:59:20+00:00"
"MAP-0035","lesson","https://academy.octopus.be/nl/lessons/activatie-van-een-coda-mandaat/","/nl/lessons/activatie-van-een-coda-mandaat/","activatie-van-een-coda-mandaat","/nl/cursussen/coda/lessons/activatie-van-een-coda-mandaat/","lesson:activatie-van-een-coda-mandaat","migrate+redirect","301","todo","","sfwd-lessons-sitemap.xml","2025-11-26T13:54:37+00:00"
"MAP-0036","lesson","https://academy.octopus.be/nl/lessons/afdrukken-en-verzenden-leveringsnotas-en-facturen/","/nl/lessons/afdrukken-en-verzenden-leveringsnotas-en-facturen/","afdrukken-en-verzenden-leveringsnotas-en-facturen","/nl/cursussen/ondernemer-facturatie/lessons/afdrukken-en-verzenden-leveringsnotas-en-facturen/","lesson:afdrukken-en-verzenden-leveringsnotas-en-facturen","migrate+redirect","301","todo","","sfwd-lessons-sitemap.xml","2025-03-27T16:03:35+00:00"
"MAP-0037","lesson","https://academy.octopus.be/nl/lessons/afpunten-rekeningen/","/nl/lessons/afpunten-rekeningen/","afpunten-rekeningen","/nl/cursussen/hoe-een-boeking-inbrengen/lessons/afpunten-rekeningen/","lesson:afpunten-rekeningen","migrate+redirect","301","todo","","sfwd-lessons-sitemap.xml","2025-03-27T15:38:29+00:00"
"MAP-0038","lesson","https://academy.octopus.be/nl/lessons/afpunten-relaties/","/nl/lessons/afpunten-relaties/","afpunten-relaties","/nl/cursussen/hoe-een-boeking-inbrengen/lessons/afpunten-relaties/","lesson:afpunten-relaties","migrate+redirect","301","todo","","sfwd-lessons-sitemap.xml","2025-03-27T15:37:10+00:00"
"MAP-0039","lesson","https://academy.octopus.be/nl/lessons/afpunten-wachtrekening/","/nl/lessons/afpunten-wachtrekening/","afpunten-wachtrekening","/nl/cursussen/coda/lessons/afpunten-wachtrekening/","lesson:afpunten-wachtrekening","migrate+redirect","301","todo","","sfwd-lessons-sitemap.xml","2025-03-27T14:26:30+00:00"
"MAP-0040","lesson","https://academy.octopus.be/nl/lessons/afpuntingen/","/nl/lessons/afpuntingen/","afpuntingen","/nl/cursussen/lijsten-in-octopus/lessons/afpuntingen/","lesson:afpuntingen","migrate+redirect","301","todo","","sfwd-lessons-sitemap.xml","2025-03-27T16:23:51+00:00"
"MAP-0041","lesson","https://academy.octopus.be/nl/lessons/alles-over-peppol/","/nl/lessons/alles-over-peppol/","alles-over-peppol","/nl/cursussen/peppol/lessons/alles-over-peppol/","lesson:alles-over-peppol","migrate+redirect","301","todo","Bevestigd via canonical en course links naar peppol.","sfwd-lessons-sitemap.xml","2025-07-30T09:06:34+00:00"
"MAP-0042","lesson","https://academy.octopus.be/nl/lessons/artikels-en-artikelgroepen/","/nl/lessons/artikels-en-artikelgroepen/","artikels-en-artikelgroepen","/nl/cursussen/ondernemer-facturatie/lessons/artikels-en-artikelgroepen/","lesson:artikels-en-artikelgroepen","migrate+redirect","301","todo","","sfwd-lessons-sitemap.xml","2025-03-27T16:30:37+00:00"
"MAP-0043","lesson","https://academy.octopus.be/nl/lessons/automatische-diversen/","/nl/lessons/automatische-diversen/","automatische-diversen","/nl/cursussen/hoe-een-boeking-inbrengen/lessons/automatische-diversen/","lesson:automatische-diversen","migrate+redirect","301","todo","","sfwd-lessons-sitemap.xml","2025-03-27T15:39:35+00:00"
"MAP-0044","lesson","https://academy.octopus.be/nl/lessons/backup-nemen-van-documenten-bewaard-in-dms/","/nl/lessons/backup-nemen-van-documenten-bewaard-in-dms/","backup-nemen-van-documenten-bewaard-in-dms","/nl/cursussen/documenten-doorsturen-via-dms/lessons/backup-nemen-van-documenten-bewaard-in-dms/","lesson:backup-nemen-van-documenten-bewaard-in-dms","migrate+redirect","301","todo","","sfwd-lessons-sitemap.xml","2025-03-27T14:37:08+00:00"
"MAP-0045","lesson","https://academy.octopus.be/nl/lessons/balansen/","/nl/lessons/balansen/","balansen","/nl/cursussen/lijsten-in-octopus/lessons/balansen/","lesson:balansen","migrate+redirect","301","todo","Afgeleid uit thematische cluster met balansen-beknopt/uitgebreid in lijsten-in-octopus.","sfwd-lessons-sitemap.xml","2025-03-27T16:19:13+00:00"
"MAP-0046","lesson","https://academy.octopus.be/nl/lessons/balansen-beknopt/","/nl/lessons/balansen-beknopt/","balansen-beknopt","/nl/cursussen/lijsten-in-octopus/lessons/balansen-beknopt/","lesson:balansen-beknopt","migrate+redirect","301","todo","","sfwd-lessons-sitemap.xml","2025-03-27T16:04:46+00:00"
"MAP-0047","lesson","https://academy.octopus.be/nl/lessons/balansen-uitgebreid/","/nl/lessons/balansen-uitgebreid/","balansen-uitgebreid","/nl/cursussen/lijsten-in-octopus/lessons/balansen-uitgebreid/","lesson:balansen-uitgebreid","migrate+redirect","301","todo","","sfwd-lessons-sitemap.xml","2025-03-27T16:17:38+00:00"
"MAP-0048","lesson","https://academy.octopus.be/nl/lessons/beheer-afschrijvingen/","/nl/lessons/beheer-afschrijvingen/","beheer-afschrijvingen","/nl/cursussen/menu-beheer/lessons/beheer-afschrijvingen/","lesson:beheer-afschrijvingen","migrate+redirect","301","todo","","sfwd-lessons-sitemap.xml","2025-03-27T16:36:13+00:00"
"MAP-0049","lesson","https://academy.octopus.be/nl/lessons/beheer-leningen/","/nl/lessons/beheer-leningen/","beheer-leningen","/nl/cursussen/menu-beheer/lessons/beheer-leningen/","lesson:beheer-leningen","migrate+redirect","301","todo","","sfwd-lessons-sitemap.xml","2025-03-27T16:35:07+00:00"
"MAP-0050","lesson","https://academy.octopus.be/nl/lessons/beheer-postcodes-en-landcodes/","/nl/lessons/beheer-postcodes-en-landcodes/","beheer-postcodes-en-landcodes","/nl/cursussen/menu-beheer/lessons/beheer-postcodes-en-landcodes/","lesson:beheer-postcodes-en-landcodes","migrate+redirect","301","todo","","sfwd-lessons-sitemap.xml","2025-03-27T16:37:28+00:00"
"MAP-0051","lesson","https://academy.octopus.be/nl/lessons/beheer-velden/","/nl/lessons/beheer-velden/","beheer-velden","/nl/cursussen/menu-beheer/lessons/beheer-velden/","lesson:beheer-velden","migrate+redirect","301","todo","Bevestigd via canonical en parent course class (menu-beheer).","sfwd-lessons-sitemap.xml","2025-03-27T16:38:28+00:00"
"MAP-0052","lesson","https://academy.octopus.be/nl/lessons/boeken-bankuittreksel/","/nl/lessons/boeken-bankuittreksel/","boeken-bankuittreksel","/nl/cursussen/hoe-een-boeking-inbrengen/lessons/boeken-bankuittreksel/","lesson:boeken-bankuittreksel","migrate+redirect","301","todo","","sfwd-lessons-sitemap.xml","2025-03-27T16:02:31+00:00"
"MAP-0053","lesson","https://academy.octopus.be/nl/lessons/boeken-diversen/","/nl/lessons/boeken-diversen/","boeken-diversen","/nl/cursussen/hoe-een-boeking-inbrengen/lessons/boeken-diversen/","lesson:boeken-diversen","migrate+redirect","301","todo","","sfwd-lessons-sitemap.xml","2025-03-27T15:40:46+00:00"
"MAP-0054","lesson","https://academy.octopus.be/nl/lessons/boeken-erelonen-en-koppelen-met-fiche-281-50/","/nl/lessons/boeken-erelonen-en-koppelen-met-fiche-281-50/","boeken-erelonen-en-koppelen-met-fiche-281-50","/nl/cursussen/hoe-een-boeking-inbrengen/lessons/boeken-erelonen-en-koppelen-met-fiche-281-50/","lesson:boeken-erelonen-en-koppelen-met-fiche-281-50","migrate+redirect","301","todo","","sfwd-lessons-sitemap.xml","2025-03-27T16:50:21+00:00"
"MAP-0055","lesson","https://academy.octopus.be/nl/lessons/boeken-kas/","/nl/lessons/boeken-kas/","boeken-kas","/nl/cursussen/hoe-een-boeking-inbrengen/lessons/boeken-kas/","lesson:boeken-kas","migrate+redirect","301","todo","","sfwd-lessons-sitemap.xml","2025-03-27T15:56:06+00:00"
"MAP-0056","lesson","https://academy.octopus.be/nl/lessons/boeken-van-aankoopfactuur-met-autofiscaliteit/","/nl/lessons/boeken-van-aankoopfactuur-met-autofiscaliteit/","boeken-van-aankoopfactuur-met-autofiscaliteit","/nl/cursussen/hoe-een-boeking-inbrengen/lessons/boeken-van-aankoopfactuur-met-autofiscaliteit/","lesson:boeken-van-aankoopfactuur-met-autofiscaliteit","migrate+redirect","301","todo","","sfwd-lessons-sitemap.xml","2025-03-27T16:54:05+00:00"
"MAP-0057","lesson","https://academy.octopus.be/nl/lessons/boeken-van-aankoopfactuur-met-gespreide-kosten/","/nl/lessons/boeken-van-aankoopfactuur-met-gespreide-kosten/","boeken-van-aankoopfactuur-met-gespreide-kosten","/nl/cursussen/hoe-een-boeking-inbrengen/lessons/boeken-van-aankoopfactuur-met-gespreide-kosten/","lesson:boeken-van-aankoopfactuur-met-gespreide-kosten","migrate+redirect","301","todo","","sfwd-lessons-sitemap.xml","2025-03-27T16:51:36+00:00"
"MAP-0058","lesson","https://academy.octopus.be/nl/lessons/boeken-van-aankoopfactuur-met-investering/","/nl/lessons/boeken-van-aankoopfactuur-met-investering/","boeken-van-aankoopfactuur-met-investering","/nl/cursussen/hoe-een-boeking-inbrengen/lessons/boeken-van-aankoopfactuur-met-investering/","lesson:boeken-van-aankoopfactuur-met-investering","migrate+redirect","301","todo","","sfwd-lessons-sitemap.xml","2025-03-27T16:55:37+00:00"
"MAP-0059","lesson","https://academy.octopus.be/nl/lessons/boeken-van-aankoopfactuur-met-kostenplaatsen/","/nl/lessons/boeken-van-aankoopfactuur-met-kostenplaatsen/","boeken-van-aankoopfactuur-met-kostenplaatsen","/nl/cursussen/hoe-een-boeking-inbrengen/lessons/boeken-van-aankoopfactuur-met-kostenplaatsen/","lesson:boeken-van-aankoopfactuur-met-kostenplaatsen","migrate+redirect","301","todo","","sfwd-lessons-sitemap.xml","2025-03-27T16:52:43+00:00"
"MAP-0060","lesson","https://academy.octopus.be/nl/lessons/boeken-van-een-aankoopfactuur-met-beroepsgedeelte/","/nl/lessons/boeken-van-een-aankoopfactuur-met-beroepsgedeelte/","boeken-van-een-aankoopfactuur-met-beroepsgedeelte","/nl/cursussen/hoe-een-boeking-inbrengen/lessons/boeken-van-een-aankoopfactuur-met-beroepsgedeelte/","lesson:boeken-van-een-aankoopfactuur-met-beroepsgedeelte","migrate+redirect","301","todo","Afgeleid uit aankoopfactuur-cluster binnen hoe-een-boeking-inbrengen.","sfwd-lessons-sitemap.xml","2025-03-27T15:25:22+00:00"
"MAP-0061","lesson","https://academy.octopus.be/nl/lessons/boekjaren/","/nl/lessons/boekjaren/","boekjaren","/nl/cursussen/menu-beheer/lessons/boekjaren/","lesson:boekjaren","migrate+redirect","301","todo","","sfwd-lessons-sitemap.xml","2025-03-27T16:46:51+00:00"
"MAP-0062","lesson","https://academy.octopus.be/nl/lessons/btw-aangifte/","/nl/lessons/btw-aangifte/","btw-aangifte","/nl/cursussen/lijsten-in-octopus/lessons/btw-aangifte/","lesson:btw-aangifte","migrate+redirect","301","todo","","sfwd-lessons-sitemap.xml","2025-03-27T15:34:11+00:00"
"MAP-0063","lesson","https://academy.octopus.be/nl/lessons/btw-codes/","/nl/lessons/btw-codes/","btw-codes","/nl/cursussen/menu-beheer/lessons/btw-codes/","lesson:btw-codes","migrate+redirect","301","todo","","sfwd-lessons-sitemap.xml","2025-03-27T16:44:46+00:00"
"MAP-0064","lesson","https://academy.octopus.be/nl/lessons/btw-listing/","/nl/lessons/btw-listing/","btw-listing","/nl/cursussen/lijsten-in-octopus/lessons/btw-listing/","lesson:btw-listing","migrate+redirect","301","todo","","sfwd-lessons-sitemap.xml","2025-03-27T15:35:46+00:00"
"MAP-0065","lesson","https://academy.octopus.be/nl/lessons/coda-mandaat-zelf-importeren/","/nl/lessons/coda-mandaat-zelf-importeren/","coda-mandaat-zelf-importeren","/nl/cursussen/coda/lessons/coda-mandaat-zelf-importeren/","lesson:coda-mandaat-zelf-importeren","migrate+redirect","301","todo","","sfwd-lessons-sitemap.xml","2025-03-27T14:28:45+00:00"
"MAP-0066","lesson","https://academy.octopus.be/nl/lessons/dagboeken/","/nl/lessons/dagboeken/","dagboeken","/nl/cursussen/menu-beheer/lessons/dagboeken/","lesson:dagboeken","migrate+redirect","301","todo","","sfwd-lessons-sitemap.xml","2025-03-27T16:45:47+00:00"
"MAP-0067","lesson","https://academy.octopus.be/nl/lessons/dagboeken-2/","/nl/lessons/dagboeken-2/","dagboeken-2","/nl/cursussen/lijsten-in-octopus/lessons/dagboeken-2/","lesson:dagboeken-2","migrate+redirect","301","todo","","sfwd-lessons-sitemap.xml","2025-03-27T16:26:55+00:00"
"MAP-0068","lesson","https://academy.octopus.be/nl/lessons/dms-audit/","/nl/lessons/dms-audit/","dms-audit","/nl/cursussen/documenten-doorsturen-via-dms/lessons/dms-audit/","lesson:dms-audit","migrate+redirect","301","todo","","sfwd-lessons-sitemap.xml","2025-03-27T14:38:36+00:00"
"MAP-0069","lesson","https://academy.octopus.be/nl/lessons/dms-via-de-unieke-e-mailadressen/","/nl/lessons/dms-via-de-unieke-e-mailadressen/","dms-via-de-unieke-e-mailadressen","/nl/cursussen/documenten-doorsturen-via-dms/lessons/dms-via-de-unieke-e-mailadressen/","lesson:dms-via-de-unieke-e-mailadressen","migrate+redirect","301","todo","Afgeleid uit DMS-topic en media prefix Boekhoudprogramma_DMS.","sfwd-lessons-sitemap.xml","2025-04-01T15:02:32+00:00"
"MAP-0070","lesson","https://academy.octopus.be/nl/lessons/document-achteraf-koppelen-via-drag-drop/","/nl/lessons/document-achteraf-koppelen-via-drag-drop/","document-achteraf-koppelen-via-drag-drop","/nl/cursussen/documenten-doorsturen-via-dms/lessons/document-achteraf-koppelen-via-drag-drop/","lesson:document-achteraf-koppelen-via-drag-drop","migrate+redirect","301","todo","","sfwd-lessons-sitemap.xml","2025-03-27T14:41:33+00:00"
"MAP-0071","lesson","https://academy.octopus.be/nl/lessons/document-archief/","/nl/lessons/document-archief/","document-archief","/nl/cursussen/documenten-doorsturen-via-dms/lessons/document-archief/","lesson:document-archief","migrate+redirect","301","todo","","sfwd-lessons-sitemap.xml","2025-03-27T15:06:38+00:00"
"MAP-0072","lesson","https://academy.octopus.be/nl/lessons/document-import-viewer-of-div/","/nl/lessons/document-import-viewer-of-div/","document-import-viewer-of-div","/nl/cursussen/documenten-doorsturen-via-dms/lessons/document-import-viewer-of-div/","lesson:document-import-viewer-of-div","migrate+redirect","301","todo","","sfwd-lessons-sitemap.xml","2025-03-27T14:48:54+00:00"
"MAP-0073","lesson","https://academy.octopus.be/nl/lessons/document-koppelen-tijden-het-boeken-via-div/","/nl/lessons/document-koppelen-tijden-het-boeken-via-div/","document-koppelen-tijden-het-boeken-via-div","/nl/cursussen/documenten-doorsturen-via-dms/lessons/document-koppelen-tijden-het-boeken-via-div/","lesson:document-koppelen-tijden-het-boeken-via-div","migrate+redirect","301","todo","","sfwd-lessons-sitemap.xml","2025-03-27T14:43:01+00:00"
"MAP-0074","lesson","https://academy.octopus.be/nl/lessons/document-viewer/","/nl/lessons/document-viewer/","document-viewer","/nl/cursussen/documenten-doorsturen-via-dms/lessons/document-viewer/","lesson:document-viewer","migrate+redirect","301","todo","","sfwd-lessons-sitemap.xml","2025-03-27T15:16:51+00:00"
"MAP-0075","lesson","https://academy.octopus.be/nl/lessons/doorboeken/","/nl/lessons/doorboeken/","doorboeken","/nl/cursussen/ondernemer-facturatie/lessons/doorboeken/","lesson:doorboeken","migrate+redirect","301","todo","","sfwd-lessons-sitemap.xml","2025-03-28T10:38:07+00:00"
"MAP-0076","lesson","https://academy.octopus.be/nl/lessons/doorsturen-doc-via-de-unieke-e-mailadressen/","/nl/lessons/doorsturen-doc-via-de-unieke-e-mailadressen/","doorsturen-doc-via-de-unieke-e-mailadressen","/nl/cursussen/documenten-doorsturen-via-dms/lessons/doorsturen-doc-via-de-unieke-e-mailadressen/","lesson:doorsturen-doc-via-de-unieke-e-mailadressen","migrate+redirect","301","todo","","sfwd-lessons-sitemap.xml","2025-03-27T14:44:46+00:00"
"MAP-0077","lesson","https://academy.octopus.be/nl/lessons/dossier-manager/","/nl/lessons/dossier-manager/","dossier-manager","/nl/cursussen/menu-beheer/lessons/dossier-manager/","lesson:dossier-manager","migrate+redirect","301","todo","","sfwd-lessons-sitemap.xml","2025-03-27T16:48:16+00:00"
"MAP-0078","lesson","https://academy.octopus.be/nl/lessons/dossiers/","/nl/lessons/dossiers/","dossiers","/nl/cursussen/menu-beheer/lessons/dossiers/","lesson:dossiers","migrate+redirect","301","todo","","sfwd-lessons-sitemap.xml","2025-03-27T16:49:29+00:00"
"MAP-0079","lesson","https://academy.octopus.be/nl/lessons/een-aankoopfactuur-en-creditnota-boeken/","/nl/lessons/een-aankoopfactuur-en-creditnota-boeken/","een-aankoopfactuur-en-creditnota-boeken","/nl/cursussen/hoe-een-boeking-inbrengen/lessons/een-aankoopfactuur-en-creditnota-boeken/","lesson:een-aankoopfactuur-en-creditnota-boeken","migrate+redirect","301","todo","","sfwd-lessons-sitemap.xml","2025-03-27T16:58:54+00:00"
"MAP-0080","lesson","https://academy.octopus.be/nl/lessons/eindklanten/","/nl/lessons/eindklanten/","eindklanten","/nl/cursussen/menu-beheer/lessons/eindklanten/","lesson:eindklanten","migrate+redirect","301","todo","","sfwd-lessons-sitemap.xml","2025-04-01T14:53:54+00:00"
"MAP-0081","lesson","https://academy.octopus.be/nl/lessons/e-invoicing-in-het-klantenportaal-voor-ondernemers/","/nl/lessons/e-invoicing-in-het-klantenportaal-voor-ondernemers/","e-invoicing-in-het-klantenportaal-voor-ondernemers","/nl/cursussen/octopus-webinars/lessons/e-invoicing-in-het-klantenportaal-voor-ondernemers/","lesson:e-invoicing-in-het-klantenportaal-voor-ondernemers","migrate+redirect","301","todo","","sfwd-lessons-sitemap.xml","2025-03-27T10:55:41+00:00"
"MAP-0082","lesson","https://academy.octopus.be/nl/lessons/e-invoicing-via-peppol-voor-ondernemers-2/","/nl/lessons/e-invoicing-via-peppol-voor-ondernemers-2/","e-invoicing-via-peppol-voor-ondernemers-2","/nl/cursussen/octopus-webinars/lessons/e-invoicing-via-peppol-voor-ondernemers-2/","lesson:e-invoicing-via-peppol-voor-ondernemers-2","migrate+redirect","301","todo","","sfwd-lessons-sitemap.xml","2025-03-27T10:50:16+00:00"
"MAP-0083","lesson","https://academy.octopus.be/nl/lessons/e-invoicing-via-peppol-voor-ondernemers-2-2/","/nl/lessons/e-invoicing-via-peppol-voor-ondernemers-2-2/","e-invoicing-via-peppol-voor-ondernemers-2-2","/nl/cursussen/octopus-webinars/lessons/e-invoicing-via-peppol-voor-ondernemers-2-2/","lesson:e-invoicing-via-peppol-voor-ondernemers-2-2","migrate+redirect","301","todo","","sfwd-lessons-sitemap.xml","2025-03-27T11:01:08+00:00"
"MAP-0084","lesson","https://academy.octopus.be/nl/lessons/extra-functies-bij-boeken-van-aankoopfacturen/","/nl/lessons/extra-functies-bij-boeken-van-aankoopfacturen/","extra-functies-bij-boeken-van-aankoopfacturen","/nl/cursussen/hoe-een-boeking-inbrengen/lessons/extra-functies-bij-boeken-van-aankoopfacturen/","lesson:extra-functies-bij-boeken-van-aankoopfacturen","migrate+redirect","301","todo","","sfwd-lessons-sitemap.xml","2025-03-27T16:56:44+00:00"
"MAP-0085","lesson","https://academy.octopus.be/nl/lessons/facturen-ontvangen-via-peppol/","/nl/lessons/facturen-ontvangen-via-peppol/","facturen-ontvangen-via-peppol","/nl/cursussen/peppol/lessons/facturen-ontvangen-via-peppol/","lesson:facturen-ontvangen-via-peppol","migrate+redirect","301","todo","","sfwd-lessons-sitemap.xml","2025-03-27T14:35:47+00:00"
"MAP-0086","lesson","https://academy.octopus.be/nl/lessons/facturen-verzenden-via-peppol/","/nl/lessons/facturen-verzenden-via-peppol/","facturen-verzenden-via-peppol","/nl/cursussen/peppol/lessons/facturen-verzenden-via-peppol/","lesson:facturen-verzenden-via-peppol","migrate+redirect","301","todo","","sfwd-lessons-sitemap.xml","2025-03-27T14:34:28+00:00"
"MAP-0087","lesson","https://academy.octopus.be/nl/lessons/fiche-281-50/","/nl/lessons/fiche-281-50/","fiche-281-50","/nl/cursussen/lijsten-in-octopus/lessons/fiche-281-50/","lesson:fiche-281-50","migrate+redirect","301","todo","","sfwd-lessons-sitemap.xml","2025-03-27T16:05:48+00:00"
"MAP-0088","lesson","https://academy.octopus.be/nl/lessons/fiscale-aftrek/","/nl/lessons/fiscale-aftrek/","fiscale-aftrek","/nl/cursussen/menu-beheer/lessons/fiscale-aftrek/","lesson:fiscale-aftrek","migrate+redirect","301","todo","","sfwd-lessons-sitemap.xml","2025-03-27T16:40:43+00:00"
"MAP-0089","lesson","https://academy.octopus.be/nl/lessons/gebruikers/","/nl/lessons/gebruikers/","gebruikers","/nl/cursussen/menu-beheer/lessons/gebruikers/","lesson:gebruikers","migrate+redirect","301","todo","","sfwd-lessons-sitemap.xml","2025-04-01T12:52:25+00:00"
"MAP-0090","lesson","https://academy.octopus.be/nl/lessons/gebruik-maken-van-de-app-realtime/","/nl/lessons/gebruik-maken-van-de-app-realtime/","gebruik-maken-van-de-app-realtime","/nl/cursussen/documenten-doorsturen-via-dms/lessons/gebruik-maken-van-de-app-realtime/","lesson:gebruik-maken-van-de-app-realtime","migrate+redirect","301","todo","","sfwd-lessons-sitemap.xml","2025-03-27T11:25:51+00:00"
"MAP-0091","lesson","https://academy.octopus.be/nl/lessons/gebruik-maken-van-het-klantenportaal/","/nl/lessons/gebruik-maken-van-het-klantenportaal/","gebruik-maken-van-het-klantenportaal","/nl/cursussen/documenten-doorsturen-via-dms/lessons/gebruik-maken-van-het-klantenportaal/","lesson:gebruik-maken-van-het-klantenportaal","migrate+redirect","301","todo","","sfwd-lessons-sitemap.xml","2025-03-27T11:23:51+00:00"
"MAP-0092","lesson","https://academy.octopus.be/nl/lessons/gespreide-kosten/","/nl/lessons/gespreide-kosten/","gespreide-kosten","/nl/cursussen/lijsten-in-octopus/lessons/gespreide-kosten/","lesson:gespreide-kosten","migrate+redirect","301","todo","","sfwd-lessons-sitemap.xml","2025-03-27T16:24:52+00:00"
"MAP-0093","lesson","https://academy.octopus.be/nl/lessons/historieken/","/nl/lessons/historieken/","historieken","/nl/cursussen/lijsten-in-octopus/lessons/historieken/","lesson:historieken","migrate+redirect","301","todo","","sfwd-lessons-sitemap.xml","2025-03-27T16:20:10+00:00"
"MAP-0094","lesson","https://academy.octopus.be/nl/lessons/hoe-octopus-bestellen/","/nl/lessons/hoe-octopus-bestellen/","hoe-octopus-bestellen","/nl/cursussen/met-het-pakket-starten/lessons/hoe-octopus-bestellen/","lesson:hoe-octopus-bestellen","migrate+redirect","301","todo","","sfwd-lessons-sitemap.xml","2025-03-27T11:49:16+00:00"
"MAP-0095","lesson","https://academy.octopus.be/nl/lessons/installatie-facturatiemodule/","/nl/lessons/installatie-facturatiemodule/","installatie-facturatiemodule","/nl/cursussen/ondernemer-facturatie/lessons/installatie-facturatiemodule/","lesson:installatie-facturatiemodule","migrate+redirect","301","todo","","sfwd-lessons-sitemap.xml","2025-03-27T16:31:45+00:00"
"MAP-0096","lesson","https://academy.octopus.be/nl/lessons/installatie-van-het-klantenportaal/","/nl/lessons/installatie-van-het-klantenportaal/","installatie-van-het-klantenportaal","/nl/cursussen/klantenportaal/lessons/installatie-van-het-klantenportaal/","lesson:installatie-van-het-klantenportaal","migrate+redirect","301","todo","Bevestigd via canonical en course links naar klantenportaal.","sfwd-lessons-sitemap.xml","2026-01-21T15:55:35+00:00"
"MAP-0097","lesson","https://academy.octopus.be/nl/lessons/intrastat-aangifte/","/nl/lessons/intrastat-aangifte/","intrastat-aangifte","/nl/cursussen/lijsten-in-octopus/lessons/intrastat-aangifte/","lesson:intrastat-aangifte","migrate+redirect","301","todo","","sfwd-lessons-sitemap.xml","2025-03-27T16:11:50+00:00"
"MAP-0098","lesson","https://academy.octopus.be/nl/lessons/introductie/","/nl/lessons/introductie/","introductie","/nl/cursussen/klantenportaal/lessons/introductie/","lesson:introductie","migrate+redirect","301","todo","","sfwd-lessons-sitemap.xml","2025-03-27T11:20:43+00:00"
"MAP-0099","lesson","https://academy.octopus.be/nl/lessons/intro-een-eerste-rondleiding-in-octopus/","/nl/lessons/intro-een-eerste-rondleiding-in-octopus/","intro-een-eerste-rondleiding-in-octopus","/nl/cursussen/met-het-pakket-starten/lessons/intro-een-eerste-rondleiding-in-octopus/","lesson:intro-een-eerste-rondleiding-in-octopus","migrate+redirect","301","todo","","sfwd-lessons-sitemap.xml","2025-03-27T16:34:00+00:00"
"MAP-0100","lesson","https://academy.octopus.be/nl/lessons/intro-facturatie/","/nl/lessons/intro-facturatie/","intro-facturatie","/nl/cursussen/ondernemer-facturatie/lessons/intro-facturatie/","lesson:intro-facturatie","migrate+redirect","301","todo","","sfwd-lessons-sitemap.xml","2025-03-27T16:32:57+00:00"
"MAP-0101","lesson","https://academy.octopus.be/nl/lessons/investeringsaftrek/","/nl/lessons/investeringsaftrek/","investeringsaftrek","/nl/cursussen/lijsten-in-octopus/lessons/investeringsaftrek/","lesson:investeringsaftrek","migrate+redirect","301","todo","","sfwd-lessons-sitemap.xml","2025-03-27T15:32:48+00:00"
"MAP-0102","lesson","https://academy.octopus.be/nl/lessons/investeringsoverzicht-en-afschrijvingstabel/","/nl/lessons/investeringsoverzicht-en-afschrijvingstabel/","investeringsoverzicht-en-afschrijvingstabel","/nl/cursussen/lijsten-in-octopus/lessons/investeringsoverzicht-en-afschrijvingstabel/","lesson:investeringsoverzicht-en-afschrijvingstabel","migrate+redirect","301","todo","","sfwd-lessons-sitemap.xml","2025-03-27T16:08:42+00:00"
"MAP-0103","lesson","https://academy.octopus.be/nl/lessons/les-3/","/nl/lessons/les-3/","les-3","/nl/cursussen/klantenportaal/lessons/les-3/","lesson:les-3","migrate+redirect","301","todo","Legacy slug is generiek; voorlopig onder klantenportaal geplaatst, finale rename voorzien bij content cleanup.","sfwd-lessons-sitemap.xml","2025-02-24T08:27:42+00:00"
"MAP-0104","lesson","https://academy.octopus.be/nl/lessons/les-4/","/nl/lessons/les-4/","les-4","/nl/cursussen/klantenportaal/lessons/les-4/","lesson:les-4","migrate+redirect","301","todo","Titel verwijst naar klantenportaal voor ondernemers; gemapt onder klantenportaal.","sfwd-lessons-sitemap.xml","2025-03-27T11:17:09+00:00"
"MAP-0105","lesson","https://academy.octopus.be/nl/lessons/muntcodes/","/nl/lessons/muntcodes/","muntcodes","/nl/cursussen/menu-beheer/lessons/muntcodes/","lesson:muntcodes","migrate+redirect","301","todo","","sfwd-lessons-sitemap.xml","2025-03-27T16:43:38+00:00"
"MAP-0106","lesson","https://academy.octopus.be/nl/lessons/nazicht-klanten-of-leveranciers/","/nl/lessons/nazicht-klanten-of-leveranciers/","nazicht-klanten-of-leveranciers","/nl/cursussen/lijsten-in-octopus/lessons/nazicht-klanten-of-leveranciers/","lesson:nazicht-klanten-of-leveranciers","migrate+redirect","301","todo","","sfwd-lessons-sitemap.xml","2025-03-27T16:22:37+00:00"
"MAP-0107","lesson","https://academy.octopus.be/nl/lessons/nazicht-rekeningen/","/nl/lessons/nazicht-rekeningen/","nazicht-rekeningen","/nl/cursussen/lijsten-in-octopus/lessons/nazicht-rekeningen/","lesson:nazicht-rekeningen","migrate+redirect","301","todo","","sfwd-lessons-sitemap.xml","2025-03-27T16:21:29+00:00"
"MAP-0108","lesson","https://academy.octopus.be/nl/lessons/offertes-of-leveringsnotas-aanmaken-en-bundelen/","/nl/lessons/offertes-of-leveringsnotas-aanmaken-en-bundelen/","offertes-of-leveringsnotas-aanmaken-en-bundelen","/nl/cursussen/ondernemer-facturatie/lessons/offertes-of-leveringsnotas-aanmaken-en-bundelen/","lesson:offertes-of-leveringsnotas-aanmaken-en-bundelen","migrate+redirect","301","todo","","sfwd-lessons-sitemap.xml","2025-03-27T16:29:07+00:00"
"MAP-0109","lesson","https://academy.octopus.be/nl/lessons/omzetvergelijking-btw/","/nl/lessons/omzetvergelijking-btw/","omzetvergelijking-btw","/nl/cursussen/lijsten-in-octopus/lessons/omzetvergelijking-btw/","lesson:omzetvergelijking-btw","migrate+redirect","301","todo","","sfwd-lessons-sitemap.xml","2025-03-27T16:15:23+00:00"
"MAP-0110","lesson","https://academy.octopus.be/nl/lessons/omzetvergelijking-klanten-of-leveranciers/","/nl/lessons/omzetvergelijking-klanten-of-leveranciers/","omzetvergelijking-klanten-of-leveranciers","/nl/cursussen/lijsten-in-octopus/lessons/omzetvergelijking-klanten-of-leveranciers/","lesson:omzetvergelijking-klanten-of-leveranciers","migrate+redirect","301","todo","","sfwd-lessons-sitemap.xml","2025-03-27T16:16:41+00:00"
"MAP-0111","lesson","https://academy.octopus.be/nl/lessons/opzoeken-documenten-en-controle-dubbele-boekingen/","/nl/lessons/opzoeken-documenten-en-controle-dubbele-boekingen/","opzoeken-documenten-en-controle-dubbele-boekingen","/nl/cursussen/lijsten-in-octopus/lessons/opzoeken-documenten-en-controle-dubbele-boekingen/","lesson:opzoeken-documenten-en-controle-dubbele-boekingen","migrate+redirect","301","todo","","sfwd-lessons-sitemap.xml","2025-03-27T16:25:59+00:00"
"MAP-0112","lesson","https://academy.octopus.be/nl/lessons/opzoeken-gekoppeld-document-2/","/nl/lessons/opzoeken-gekoppeld-document-2/","opzoeken-gekoppeld-document-2","/nl/cursussen/documenten-doorsturen-via-dms/lessons/opzoeken-gekoppeld-document-2/","lesson:opzoeken-gekoppeld-document-2","migrate+redirect","301","todo","","sfwd-lessons-sitemap.xml","2025-03-27T14:40:02+00:00"
"MAP-0113","lesson","https://academy.octopus.be/nl/lessons/oss-aangifte/","/nl/lessons/oss-aangifte/","oss-aangifte","/nl/cursussen/lijsten-in-octopus/lessons/oss-aangifte/","lesson:oss-aangifte","migrate+redirect","301","todo","","sfwd-lessons-sitemap.xml","2025-03-27T16:13:00+00:00"
"MAP-0114","lesson","https://academy.octopus.be/nl/lessons/overzicht-leningen/","/nl/lessons/overzicht-leningen/","overzicht-leningen","/nl/cursussen/lijsten-in-octopus/lessons/overzicht-leningen/","lesson:overzicht-leningen","migrate+redirect","301","todo","","sfwd-lessons-sitemap.xml","2025-03-27T16:06:53+00:00"
"MAP-0115","lesson","https://academy.octopus.be/nl/lessons/rappels/","/nl/lessons/rappels/","rappels","/nl/cursussen/ondernemer-facturatie/lessons/rappels/","lesson:rappels","migrate+redirect","301","todo","","sfwd-lessons-sitemap.xml","2025-03-28T10:39:48+00:00"
"MAP-0116","lesson","https://academy.octopus.be/nl/lessons/rekeningen/","/nl/lessons/rekeningen/","rekeningen","/nl/cursussen/menu-beheer/lessons/rekeningen/","lesson:rekeningen","migrate+redirect","301","todo","","sfwd-lessons-sitemap.xml","2025-03-27T16:42:31+00:00"
"MAP-0117","lesson","https://academy.octopus.be/nl/lessons/relaties/","/nl/lessons/relaties/","relaties","/nl/cursussen/menu-beheer/lessons/relaties/","lesson:relaties","migrate+redirect","301","todo","","sfwd-lessons-sitemap.xml","2025-03-27T16:39:40+00:00"
"MAP-0118","lesson","https://academy.octopus.be/nl/lessons/uploaden-doc-via-div/","/nl/lessons/uploaden-doc-via-div/","uploaden-doc-via-div","/nl/cursussen/documenten-doorsturen-via-dms/lessons/uploaden-doc-via-div/","lesson:uploaden-doc-via-div","migrate+redirect","301","todo","Legacy URL eindigt vandaag op 404 via redirect chain; DMS-koppeling op basis van slug en sitemap image metadata.","sfwd-lessons-sitemap.xml","2025-03-27T14:46:18+00:00"
"MAP-0119","lesson","https://academy.octopus.be/nl/lessons/verkoopfacturen/","/nl/lessons/verkoopfacturen/","verkoopfacturen","/nl/cursussen/ondernemer-facturatie/lessons/verkoopfacturen/","lesson:verkoopfacturen","migrate+redirect","301","todo","","sfwd-lessons-sitemap.xml","2025-03-27T16:28:04+00:00"
"MAP-0120","lesson","https://academy.octopus.be/nl/lessons/verkoopfacturen-2/","/nl/lessons/verkoopfacturen-2/","verkoopfacturen-2","/nl/cursussen/klantenportaal/lessons/verkoopfacturen-2/","lesson:verkoopfacturen-2","migrate+redirect","301","todo","","sfwd-lessons-sitemap.xml","2025-03-27T11:19:23+00:00"
"MAP-0121","lesson","https://academy.octopus.be/nl/lessons/verkoopfacturen-en-creditnotas/","/nl/lessons/verkoopfacturen-en-creditnotas/","verkoopfacturen-en-creditnotas","/nl/cursussen/hoe-een-boeking-inbrengen/lessons/verkoopfacturen-en-creditnotas/","lesson:verkoopfacturen-en-creditnotas","migrate+redirect","301","todo","","sfwd-lessons-sitemap.xml","2025-03-27T16:59:59+00:00"
"MAP-0122","lesson","https://academy.octopus.be/nl/lessons/wachtwoord-wijzigen/","/nl/lessons/wachtwoord-wijzigen/","wachtwoord-wijzigen","/nl/cursussen/menu-beheer/lessons/wachtwoord-wijzigen/","lesson:wachtwoord-wijzigen","migrate+redirect","301","todo","","sfwd-lessons-sitemap.xml","2025-04-01T12:52:34+00:00"
"MAP-0123","lesson","https://academy.octopus.be/nl/lessons/wat-is-dms/","/nl/lessons/wat-is-dms/","wat-is-dms","/nl/cursussen/documenten-doorsturen-via-dms/lessons/wat-is-dms/","lesson:wat-is-dms","migrate+redirect","301","todo","","sfwd-lessons-sitemap.xml","2025-03-27T15:18:27+00:00"
"MAP-0124","lesson","https://academy.octopus.be/nl/lessons/werken-met-het-klantenportaal-voor-accountants/","/nl/lessons/werken-met-het-klantenportaal-voor-accountants/","werken-met-het-klantenportaal-voor-accountants","/nl/cursussen/klantenportaal/lessons/werken-met-het-klantenportaal-voor-accountants/","lesson:werken-met-het-klantenportaal-voor-accountants","migrate+redirect","301","todo","Titel en media duiden op klantenportaal; gemapt onder klantenportaal.","sfwd-lessons-sitemap.xml","2025-03-27T11:15:03+00:00"
"MAP-0125","category","https://academy.octopus.be/nl/course-category/basiskennis-boekhouden-met-octopus/","/nl/course-category/basiskennis-boekhouden-met-octopus/","basiskennis-boekhouden-met-octopus","/nl/cursussen/categorie/basiskennis-boekhouden-met-octopus/","category:basiskennis-boekhouden-met-octopus","migrate+redirect","301","todo","","ld_course_category-sitemap.xml","2025-03-28T10:32:09+00:00"
"MAP-0126","category","https://academy.octopus.be/nl/course-category/boekhouding/","/nl/course-category/boekhouding/","boekhouding","/nl/cursussen/categorie/boekhouding/","category:boekhouding","migrate+redirect","301","todo","","ld_course_category-sitemap.xml","2025-03-28T10:31:17+00:00"
"MAP-0127","category","https://academy.octopus.be/nl/course-category/cursussen-in-de-kijker/","/nl/course-category/cursussen-in-de-kijker/","cursussen-in-de-kijker","/nl/cursussen/categorie/cursussen-in-de-kijker/","category:cursussen-in-de-kijker","migrate+redirect","301","todo","","ld_course_category-sitemap.xml","2025-10-30T09:31:00+00:00"
"MAP-0128","category","https://academy.octopus.be/nl/course-category/digitaal-boekhouden/","/nl/course-category/digitaal-boekhouden/","digitaal-boekhouden","/nl/cursussen/categorie/digitaal-boekhouden/","category:digitaal-boekhouden","migrate+redirect","301","todo","","ld_course_category-sitemap.xml","2025-10-30T09:31:00+00:00"
"MAP-0129","category","https://academy.octopus.be/nl/course-category/digitaliseren-met-octopus/","/nl/course-category/digitaliseren-met-octopus/","digitaliseren-met-octopus","/nl/cursussen/categorie/digitaliseren-met-octopus/","category:digitaliseren-met-octopus","migrate+redirect","301","todo","","ld_course_category-sitemap.xml","2025-10-30T09:31:00+00:00"
"MAP-0130","category","https://academy.octopus.be/nl/course-category/how-tos/","/nl/course-category/how-tos/","how-tos","/nl/cursussen/categorie/how-tos/","category:how-tos","migrate+redirect","301","todo","","ld_course_category-sitemap.xml","2025-10-30T09:31:00+00:00"
"MAP-0131","category","https://academy.octopus.be/nl/course-category/how-tos-in-de-kijker/","/nl/course-category/how-tos-in-de-kijker/","how-tos-in-de-kijker","/nl/cursussen/categorie/how-tos-in-de-kijker/","category:how-tos-in-de-kijker","migrate+redirect","301","todo","","ld_course_category-sitemap.xml","2025-10-30T09:31:00+00:00"
"MAP-0132","category","https://academy.octopus.be/nl/course-category/klantenportaal/","/nl/course-category/klantenportaal/","klantenportaal","/nl/cursussen/categorie/klantenportaal/","category:klantenportaal","migrate+redirect","301","todo","","ld_course_category-sitemap.xml","2025-03-28T10:26:26+00:00"
"MAP-0133","tag","https://academy.octopus.be/nl/course-tag/boekhoudprogramma/","/nl/course-tag/boekhoudprogramma/","boekhoudprogramma","/nl/cursussen/tag/boekhoudprogramma/","tag:boekhoudprogramma","migrate+redirect","301","todo","","ld_course_tag-sitemap.xml","2025-10-30T09:31:00+00:00"
"MAP-0134","tag","https://academy.octopus.be/nl/course-tag/gevorderd/","/nl/course-tag/gevorderd/","gevorderd","/nl/cursussen/tag/gevorderd/","tag:gevorderd","migrate+redirect","301","todo","","ld_course_tag-sitemap.xml","2025-03-28T10:28:48+00:00"
"MAP-0135","tag","https://academy.octopus.be/nl/course-tag/klantenportaal/","/nl/course-tag/klantenportaal/","klantenportaal","/nl/cursussen/tag/klantenportaal/","tag:klantenportaal","migrate+redirect","301","todo","","ld_course_tag-sitemap.xml","2025-10-30T09:31:00+00:00"
"MAP-0136","tag","https://academy.octopus.be/nl/course-tag/starter/","/nl/course-tag/starter/","starter","/nl/cursussen/tag/starter/","tag:starter","migrate+redirect","301","todo","","ld_course_tag-sitemap.xml","2025-03-28T10:32:09+00:00"
